country,date,title,title_en,url,sentiment,summary,summary_en
Japan,2026-09-30,敦促日本当政者以实际行动回归四个政治文件的初心和原点,Urge Japan's political leaders to return to the original aspirations and starting point of the four political documents with concrete actions,https://paper.people.com.cn/rmrb/pc/content/202609/30/content_30183837.html,0.8,9月29日是《中日联合声明》发表54周年。外交部发言人郭嘉昆在例行记者会上表示，联合声明等四个政治文件奠定中日关系政治法律根基，为处理历史、台湾等重大原则问题立下政治规矩，不应歪曲、倒退或破坏。他说，54年前中日实现邦交正常化，日方曾明确反,"September 29 marks the 54th anniversary of the signing of the China-Japan Joint Statement. Foreign Ministry spokesperson Guo Jiakun said at a regular press conference that the Joint Statement and the other three political documents laid the political and legal foundation for China-Japan relations and set political rules for handling major issues of principle such as history and Taiwan, which must not be distorted, rolled back, or undermined. He said that when the two countries normalized diplomatic relations 54 years ago, Japan had explicitly expressed opposition."
Taiwan,2026-09-30,敦促日本当政者以实际行动回归四个政治文件的初心和原点,Urge Japan's political leaders to return to the original aspirations and starting point of the four political documents with concrete actions,https://paper.people.com.cn/rmrb/pc/content/202609/30/content_30183837.html,0.8,9月29日是《中日联合声明》发表54周年。外交部发言人郭嘉昆在例行记者会上表示，联合声明等四个政治文件奠定中日关系政治法律根基，为处理历史、台湾等重大原则问题立下政治规矩，不应歪曲、倒退或破坏。他说，54年前中日实现邦交正常化，日方曾明确反,"September 29 marks the 54th anniversary of the signing of the China-Japan Joint Statement. Foreign Ministry spokesperson Guo Jiakun said at a regular press conference that the Joint Statement and the other three political documents laid the political and legal foundation for China-Japan relations and set political rules for handling major issues of principle such as history and Taiwan, which must not be distorted, rolled back, or undermined. He said that when the two countries normalized diplomatic relations 54 years ago, Japan had explicitly expressed opposition."
Italy,2026-10-07,图片报道,Photo Report,https://paper.people.com.cn/rmrb/pc/content/202610/07/content_30184344.html,0.5,人民日报图片报道记录了中国国庆假期意大利罗马迎来大批中国游客的情况。报道配发照片拍摄于10月4日，画面中中国游客在罗马一处观景平台与罗马斗兽场合影。照片显示游客以斗兽场为背景留影，反映了国庆假期中国游客在罗马游览、拍照的现场场景。整则报道以,"People's Daily photo report documented Chinese tourists arriving in Rome, Italy in large numbers during China's National Day holiday. The accompanying photo, taken on October 4, shows Chinese tourists posing with the Colosseum at a viewing platform in Rome. The photo captures tourists taking photos with the Colosseum in the background, reflecting the scene of Chinese tourists sightseeing and taking photos in Rome during the National Day holiday. The entire report..."
Egypt,2026-10-01,2026全球南方现代化论坛在埃及开罗举行,"2026 Global South Modernization Forum held in Cairo, Egypt",https://paper.people.com.cn/rmrb/pc/content/202610/01/content_30184037.html,0.15,9月30日，2026全球南方现代化论坛在埃及开罗举行，主题为“人工智能浪潮：全球南方现代化的机遇与挑战”。中外嘉宾认为，人工智能技术蕴含机遇也面临治理挑战，习近平主席在金砖国家领导人第十八次会晤上提出的赋能新型工业化、开源普惠等倡议指明了向,"On September 30, the 2026 Global South Modernization Forum was held in Cairo, Egypt, with the theme 'AI Wave: Opportunities and Challenges for Global South Modernization'. Chinese and foreign guests said artificial intelligence technology offers opportunities but also faces governance challenges; the initiatives proposed by President Xi Jinping at the 18th BRICS Summit, such as empowering new industrialization and open-source inclusive development, point the way..."
Israel,2026-09-30,从能源转型看“人类命运共同体”（连线评论员）,Viewing 'a community with a shared future for mankind' through energy transition (Online Commentator),https://paper.people.com.cn/rmrb/pc/content/202609/30/content_30183853.html,0.15,本文以对话评论形式，从能源转型角度阐释人类命运共同体理念。文章指出，在美以伊冲突导致国际原油供给紧张背景下，中国凭借战略储备和能源转型保障自身能源安全，并通过削减进口、扩大绿色能源产品出口及炼化产业“减油增化”，在供需两端发挥稳定器作用，助,"The article, in the form of a dialogue commentary, explains the vision of a community with a shared future for mankind from the perspective of energy transition. It notes that against the backdrop of tight international crude oil supply caused by the US-Israel-Iran conflict, China ensures its own energy security through strategic reserves and energy transition, and plays a stabilizing role on both supply and demand sides by reducing imports, expanding green energy product exports, and shifting the refining industry from oil to chemicals, helping..."
Iran,2026-09-30,从能源转型看“人类命运共同体”（连线评论员）,Viewing 'a community with a shared future for mankind' through energy transition (Online Commentator),https://paper.people.com.cn/rmrb/pc/content/202609/30/content_30183853.html,0.15,本文以对话评论形式，从能源转型角度阐释人类命运共同体理念。文章指出，在美以伊冲突导致国际原油供给紧张背景下，中国凭借战略储备和能源转型保障自身能源安全，并通过削减进口、扩大绿色能源产品出口及炼化产业“减油增化”，在供需两端发挥稳定器作用，助,"The article, in the form of a dialogue commentary, explains the vision of a community with a shared future for mankind from the perspective of energy transition. It notes that against the backdrop of tight international crude oil supply caused by the US-Israel-Iran conflict, China ensures its own energy security through strategic reserves and energy transition, and plays a stabilizing role on both supply and demand sides by reducing imports, expanding green energy product exports, and shifting the refining industry from oil to chemicals, helping..."
Spain,2026-10-07,《习近平谈治国理政》第五卷西文版读书交流会在马德里举行,Reading and Exchange Event for Spanish Edition of Xi Jinping: The Governance of China Volume V Held in Madrid,https://paper.people.com.cn/rmrb/pc/content/202610/07/content_30184328.html,0.1,10月6日，《习近平谈治国理政》第五卷西文版读书交流会在西班牙马德里举行，主题为“文明对话赋能共同进步：中西交流的机遇与展望”，中西两国政府、高校、媒体等60余名代表参加。与会嘉宾表示，中国推进高质量发展为西班牙等国创造合作机遇，双方应扩大,"On October 6, a reading and exchange event for the Spanish edition of Xi Jinping: The Governance of China Volume V was held in Madrid, Spain, under the theme 'Civilizational Dialogue Empowers Common Progress: Opportunities and Prospects for China-Spain Exchanges.' More than 60 representatives from the governments, universities, and media of China and Spain attended. Guests at the event said China's pursuit of high-quality development creates cooperation opportunities for Spain and other countries, and the two sides should expand..."
Kyrgyzstan,2026-10-07,推动吉中永久睦邻友好合作迈上新台阶（国际论坛）,Promoting Kyrgyzstan-China Permanent Good-Neighborly Friendship and Cooperation to a New Level (International Forum),https://paper.people.com.cn/rmrb/pc/content/202610/07/content_30184341.html,0.1,吉尔吉斯斯坦与中国保持长期睦邻友好符合两国根本利益，有助于共同应对风险挑战。习近平主席访吉期间，两国签署永久睦邻友好合作条约，以法律形式巩固世代友好。务实合作方面，中吉乌铁路加速推进，能源与绿色合作前景广阔，可助力吉绿色低碳转型。文章强调应,"Maintaining long-term good-neighborly friendship between Kyrgyzstan and China serves the fundamental interests of both countries and helps jointly address risks and challenges. During President Xi Jinping's visit to Kyrgyzstan, the two countries signed a permanent good-neighborly and friendly cooperation treaty, consolidating their enduring friendship in legal form. In practical cooperation, the China-Kyrgyzstan-Uzbekistan railway is being accelerated, and energy and green cooperation have broad prospects, which can support Kyrgyzstan's green and low-carbon transition. The article stresses..."
Cameroon,2026-10-07,“为喀麦隆发展注入人才动能”（共创繁荣发展新时代）,Injecting Talent Momentum into Cameroon's Development (Jointly Creating a New Era of Prosperity and Development),https://paper.people.com.cn/rmrb/pc/content/202610/07/content_30184345.html,0.1,中交一公局集团“海鸥人才工程”首期测量员培训班在喀麦隆首都雅温得结业，54名当地学员完成10天培训，课程涵盖测量理论、仪器操作、无人机测量、施工安全及基础工程中文等。培训采用“10%理论教学、20%专家指导、70%现场实践”体系，学员经考核,"The first surveyor training course of the 'Seagull Talent Project' of CCCC First Highway Engineering Group concluded in Yaoundé, the capital of Cameroon, with 54 local trainees completing the 10-day program. The curriculum covered surveying theory, instrument operation, drone surveying, construction safety, and basic engineering Chinese. The training adopted a system of '10% theoretical teaching, 20% expert guidance, and 70% on-site practice,' and trainees after assessment..."
Colombia,2026-10-07,一座光伏电站见证中哥绿色合作,A Photovoltaic Power Station Bears Witness to China-Colombia Green Cooperation,https://paper.people.com.cn/rmrb/pc/content/202610/07/content_30184347.html,0.1,文章介绍，中国电力建设集团在哥伦比亚承建的帕尔米拉3号光伏电站正式移交。该项目位于考卡山谷省帕尔米拉市，由中国电建承担设计、设备供货、施工安装和调试，是其在该国完工的首个光伏电站。截至移交，电站累计输送绿色电力约4000万千瓦时，相当于当地,"The article reports that the Palmira 3 photovoltaic power station built by PowerChina in Colombia has been officially handed over. Located in the city of Palmira, Valle del Cauca Department, the project was undertaken by PowerChina for design, equipment supply, construction, installation, and commissioning, and is its first completed photovoltaic plant in the country. As of the handover, the station had delivered about 40 million kWh of green electricity, equivalent to local..."
Kenya,2026-10-06,中非各界共话生物多样性保护（2026中非人文交流年）,Various sectors in China and Africa discuss biodiversity conservation (2026 China-Africa People-to-People Exchange Year),https://paper.people.com.cn/rmrb/pc/content/202610/06/content_30184278.html,0.1,日前，中非生物多样性保护经验交流与培训班暨“鹰飞之城”全球主题巡展在肯尼亚纳罗克郡举行，是“中非人文交流年”精品活动之一。来自中国、肯尼亚、坦桑尼亚的生态主管部门、保护区机构、公益组织和高校代表围绕社区保护、科技护野、青少年生态教育展开交流,"Recently, the China-Africa Biodiversity Conservation Experience Exchange and Training Workshop, along with the ""Eagle Flying City"" global themed tour exhibition, was held in Narok County, Kenya, as one of the premium events of the China-Africa Year of People-to-People Exchanges. Representatives from ecological authorities, protected area agencies, public welfare organizations, and universities from China, Kenya, and Tanzania exchanged views on community conservation, technology-assisted wildlife protection, and youth ecological education."
Tanzania,2026-10-06,中非各界共话生物多样性保护（2026中非人文交流年）,Various sectors in China and Africa discuss biodiversity conservation (2026 China-Africa People-to-People Exchange Year),https://paper.people.com.cn/rmrb/pc/content/202610/06/content_30184278.html,0.1,日前，中非生物多样性保护经验交流与培训班暨“鹰飞之城”全球主题巡展在肯尼亚纳罗克郡举行，是“中非人文交流年”精品活动之一。来自中国、肯尼亚、坦桑尼亚的生态主管部门、保护区机构、公益组织和高校代表围绕社区保护、科技护野、青少年生态教育展开交流,"Recently, the China-Africa Biodiversity Conservation Experience Exchange and Training Workshop, along with the ""Eagle Flying City"" global themed tour exhibition, was held in Narok County, Kenya, as one of the premium events of the China-Africa Year of People-to-People Exchanges. Representatives from ecological authorities, protected area agencies, public welfare organizations, and universities from China, Kenya, and Tanzania exchanged views on community conservation, technology-assisted wildlife protection, and youth ecological education."
India,2026-10-05,共同推动中印关系行稳致远（国际论坛）,Jointly Promote Steady and Long-term Development of China-India Relations (International Forum),https://paper.people.com.cn/rmrb/pc/content/202610/05/content_30184233.html,0.1,文章指出，今年9月习近平主席与印度总理莫迪连续第三年举行双边会晤，就中印要做伙伴达成重要共识。习近平主席就推动中印关系行稳致远提出四点看法：以客观理性战略认知校准方向，明确两国是合作伙伴而非对手；以合作共赢理念相互成就，聚焦发展最大公约数，,"The article points out that in September this year, President Xi Jinping and Indian Prime Minister Modi held a bilateral meeting for the third consecutive year and reached important consensus that China and India should be partners. President Xi Jinping put forward four points on promoting the steady and long-term development of China-India relations: calibrate the direction with objective and rational strategic understanding, clarifying that the two countries are partners rather than rivals; achieve mutual success with the concept of win-win cooperation, focusing on the greatest common denominator of development."
Brazil,2026-10-04,“文化交流能够拉近两国人民距离”,"""Cultural exchanges can bring the peoples of the two countries closer""",https://paper.people.com.cn/rmrb/pc/content/202610/04/content_30184212.html,0.1,在巴西里约热内卢巴西国家历史博物馆，“和鼎调羹——中国古代饮食文化展”正在展出，来自中国国家博物馆的百余件（套）文物呈现中国古代饮食结构、烹饪方式、礼仪审美及社会生活变迁。展览设互动区，观众可体验用筷子夹小笼包、制作元宵等，有当地观众表示更,"At Brazil's National Historical Museum in Rio de Janeiro, “Harmony in the Ding and Seasoning: Ancient Chinese Food Culture Exhibition” is on display. More than 100 cultural relics (sets) from the National Museum of China showcase ancient Chinese dietary structure, cooking methods, etiquette, aesthetics and changes in social life. The exhibition includes an interactive area where visitors can try using chopsticks to pick up soup dumplings and make yuanxiao (sweet rice balls); some local visitors said it was even more..."
Turkey,2026-10-01,中国式现代化的生动实践拓展了现代化的实现路径（国际论坛）,The vivid practice of Chinese modernization expands the paths to modernization (International Forum),https://paper.people.com.cn/rmrb/pc/content/202610/01/content_30184033.html,0.1,文章指出，中国式现代化植根历史底蕴与文明根基，近1亿农村贫困人口脱贫，先进制造业、数字经济等加快发展，拓展了现代化实现路径，印证现代化不等于西方化。《习近平谈治国理政》第五卷系统阐述人类命运共同体理念及全球发展、安全、文明三大倡议，是理解中,"The article pointed out that Chinese modernization is rooted in historical heritage and civilizational foundations. Nearly 100 million rural poor have been lifted out of poverty, and advanced manufacturing and the digital economy are developing rapidly, expanding paths to modernization and proving that modernization does not equal Westernization. The fifth volume of Xi Jinping: The Governance of China systematically expounds the concept of a community with a shared future for mankind and the three major initiatives on global development, security and civilization, serving as a key to understanding China..."
Qatar,2026-10-01,深化多边合作  推动可持续基础设施发展,Deepen multilateral cooperation to promote sustainable infrastructure development,https://paper.people.com.cn/rmrb/pc/content/202610/01/content_30184036.html,0.1,9月28日至29日，亚洲基础设施投资银行第十一届理事会年会在卡塔尔多哈举行，主题为“面向未来的基础设施：影响与创新”。行长邹加怡表示，亚投行已成为广受信赖的多边合作平台，下一阶段将重点支持气候韧性、可再生能源、数字化转型、区域互联互通、自然,"From September 28 to 29, the 11th Annual Meeting of the Board of Governors of the Asian Infrastructure Investment Bank was held in Doha, Qatar, with the theme 'Future-Oriented Infrastructure: Impact and Innovation'. President Zou Jiayi said the AIIB has become a widely trusted multilateral cooperation platform, and in the next phase it will focus on supporting climate resilience, renewable energy, digital transformation, regional connectivity, and natural..."
Pakistan,2026-10-01,深化多边合作  推动可持续基础设施发展,Deepen multilateral cooperation to promote sustainable infrastructure development,https://paper.people.com.cn/rmrb/pc/content/202610/01/content_30184036.html,0.1,9月28日至29日，亚洲基础设施投资银行第十一届理事会年会在卡塔尔多哈举行，主题为“面向未来的基础设施：影响与创新”。行长邹加怡表示，亚投行已成为广受信赖的多边合作平台，下一阶段将重点支持气候韧性、可再生能源、数字化转型、区域互联互通、自然,"From September 28 to 29, the 11th Annual Meeting of the Board of Governors of the Asian Infrastructure Investment Bank was held in Doha, Qatar, with the theme 'Future-Oriented Infrastructure: Impact and Innovation'. President Zou Jiayi said the AIIB has become a widely trusted multilateral cooperation platform, and in the next phase it will focus on supporting climate resilience, renewable energy, digital transformation, regional connectivity, and natural..."
South Africa,2026-10-01,深化多边合作  推动可持续基础设施发展,Deepen multilateral cooperation to promote sustainable infrastructure development,https://paper.people.com.cn/rmrb/pc/content/202610/01/content_30184036.html,0.1,9月28日至29日，亚洲基础设施投资银行第十一届理事会年会在卡塔尔多哈举行，主题为“面向未来的基础设施：影响与创新”。行长邹加怡表示，亚投行已成为广受信赖的多边合作平台，下一阶段将重点支持气候韧性、可再生能源、数字化转型、区域互联互通、自然,"From September 28 to 29, the 11th Annual Meeting of the Board of Governors of the Asian Infrastructure Investment Bank was held in Doha, Qatar, with the theme 'Future-Oriented Infrastructure: Impact and Innovation'. President Zou Jiayi said the AIIB has become a widely trusted multilateral cooperation platform, and in the next phase it will focus on supporting climate resilience, renewable energy, digital transformation, regional connectivity, and natural..."
Malaysia,2026-09-30,弥合鸿沟，共塑数字贸易秩序,Bridge the gap and jointly shape the digital trade order,https://paper.people.com.cn/rmrb/pc/content/202609/30/content_30183832.html,0.1,第五届全球数字贸易博览会在浙江杭州举办，主题为“在数贸会遇见AI未来”，吸引163个国家和地区企业及超5万名专业客商参会。博览会设置人工智能、丝路电商、数智医疗等展区，举办马来西亚、匈牙利国家馆开馆及中阿数字对话、数贸非洲日等活动。多国嘉宾,"The 5th Global Digital Trade Expo was held in Hangzhou, Zhejiang, with the theme 'Meet the AI Future at the Digital Trade Expo.' It attracted enterprises from 163 countries and regions and more than 50,000 professional buyers. The expo set up exhibition areas for artificial intelligence, Silk Road e-commerce, and digital and smart healthcare, and held events including the opening of the Malaysia and Hungary national pavilions, the China-Arab Digital Dialogue, and Africa Day at the Digital Trade Expo. Guests from many countries..."
Hungary,2026-09-30,弥合鸿沟，共塑数字贸易秩序,Bridge the gap and jointly shape the digital trade order,https://paper.people.com.cn/rmrb/pc/content/202609/30/content_30183832.html,0.1,第五届全球数字贸易博览会在浙江杭州举办，主题为“在数贸会遇见AI未来”，吸引163个国家和地区企业及超5万名专业客商参会。博览会设置人工智能、丝路电商、数智医疗等展区，举办马来西亚、匈牙利国家馆开馆及中阿数字对话、数贸非洲日等活动。多国嘉宾,"The 5th Global Digital Trade Expo was held in Hangzhou, Zhejiang, with the theme 'Meet the AI Future at the Digital Trade Expo.' It attracted enterprises from 163 countries and regions and more than 50,000 professional buyers. The expo set up exhibition areas for artificial intelligence, Silk Road e-commerce, and digital and smart healthcare, and held events including the opening of the Malaysia and Hungary national pavilions, the China-Arab Digital Dialogue, and Africa Day at the Digital Trade Expo. Guests from many countries..."
Papua New Guinea,2026-09-30,庆祝中国与巴布亚新几内亚建交50周年招待会在京举行,Reception marking 50th anniversary of China-Papua New Guinea diplomatic ties held in Beijing,https://paper.people.com.cn/rmrb/pc/content/202609/30/content_30183834.html,0.1,人民日报2026年9月30日刊发简讯，报道庆祝中国与巴布亚新几内亚建交50周年招待会在北京举行。所提供正文内容与标题一致，未披露出席人员、致辞内容及活动具体流程等细节。文章核心事实为：为纪念中巴新建交50周年，相关庆祝招待会在京举办。报道基,"People's Daily published a brief on September 30, 2026, reporting that a reception celebrating the 50th anniversary of the establishment of diplomatic relations between China and Papua New Guinea was held in Beijing. The provided text is consistent with the headline and does not disclose details such as attendees, speech contents, or the specific agenda. The core fact of the article is that a commemorative reception was held in Beijing to mark the 50th anniversary of the establishment of China-PNG diplomatic ties."
North Korea,2026-09-30,中国驻朝鲜大使馆祭扫志愿军烈士陵园,Chinese Embassy in DPRK pays tribute at Chinese People's Volunteers martyrs' cemetery,https://paper.people.com.cn/rmrb/pc/content/202609/30/content_30183836.html,0.1,9月27日至28日，中国驻朝鲜大使王亚军率驻朝使领馆外交官及家属、志愿军烈士褒扬代表处、在朝媒体、华侨和留学生等各界代表60余人，赴江原道淮阳郡、平康郡祭扫中国人民志愿军烈士陵园。28日，全体人员在平康郡上甲里烈士陵园举行祭扫活动，缅怀在上,"From September 27 to 28, Chinese Ambassador to the DPRK Wang Yajun led more than 60 representatives, including diplomats from the embassy and consulate and their families, representatives from the office for commending Chinese People's Volunteers martyrs, Chinese media in the DPRK, overseas Chinese, and students, to visit and pay respects at Chinese People's Volunteers martyrs' cemeteries in Hoeyang County and Pyonggang County, Kangwon Province. On the 28th, all participants held a memorial ceremony at the Sangap-ri Martyrs' Cemetery in Pyonggang County to remember those who died in the..."
Laos,2026-09-30,中老铁路磨丁至万象城际列车首发,First Boten-Vientiane intercity train on China-Laos Railway makes debut,https://paper.people.com.cn/rmrb/pc/content/202609/30/content_30183839.html,0.1,当地时间9月28日8时，C95次列车驶出老挝磨丁站，标志着中老铁路老挝段磨丁至万象城际列车首发。据老中铁路有限公司介绍，新开行的C95/C96次城际列车搭建起磨丁与万象间高效便捷的通勤线路。C95次当日8时从磨丁站始发，11时47分抵达万象,"At 8:00 local time on September 28, train C95 departed from Laos' Boten station, marking the launch of the first intercity train service between Boten and Vientiane on the Lao section of the China-Laos Railway. According to the Laos-China Railway Company Limited, the newly launched C95/C96 intercity trains provide an efficient and convenient commuter link between Boten and Vientiane. C95 departed from Boten station at 8:00 that morning and arrived in Vientiane at 11:47."
South Korea,2026-09-30,亚洲体育整体提升进步（亚运纵横）,Asian sports see overall improvement and progress (Asian Games Panorama),https://paper.people.com.cn/rmrb/pc/content/202609/30/content_30183773.html,0.1,第二十届亚运会多项赛事展现亚洲体育整体提升。羽毛球女双决赛，中国队刘圣书/谭宁与韩国队李绍希/白荷娜鏖战三局111分钟，首局打出28∶26，最终中国组合1∶2负；羽毛球各单项世界排名前列几乎全部来自亚洲。举重和射击赛场已改写30项世界纪录，,"Multiple events at the 20th Asian Games showcased the overall improvement of Asian sports. In the badminton women's doubles final, China's Liu Shengshu/Tan Ning and South Korea's Lee So-hee/Baek Ha-na fought for 111 minutes over three games, with the first game ending 28-26, and the Chinese pair lost 1-2. In badminton, nearly all top world rankings in individual events are held by Asian players. Weightlifting and shooting have already rewritten 30 world records, ..."
Netherlands,2026-09-30,模拟蜜蜂“回家”的无人机（创新汇）,Drone mimics bees' 'homing' (Innovation Hub),https://paper.people.com.cn/rmrb/pc/content/202609/30/content_30183787.html,0.1,荷兰代尔夫特理工大学等研究人员在《自然》发表一种模仿蜜蜂导航的机器人策略。小型无人机先在家附近短距离学习飞行，记录运动轨迹和周围全景图像，用小型神经网络将图像与“回家向量”对应，形成轻量级视觉归巢记忆。长距离飞行后，无人机先靠路径积分回到学,"Researchers from Delft University of Technology in the Netherlands and others published in Nature a robot navigation strategy that mimics bee navigation. Small drones first learn to fly short distances near home, recording motion trajectories and surrounding panoramic images, and use a small neural network to associate the images with 'homeward vectors,' forming a lightweight visual homing memory. After long-distance flights, the drone first uses path integration to return to the learned..."
Luxembourg,2026-09-30,中国乡村何以发生巨变（我眼中的中国）,Why rural China has undergone tremendous changes (China in My Eyes),https://paper.people.com.cn/rmrb/pc/content/202609/30/content_30183796.html,0.1,卢森堡籍志愿者尼克在广西乍洞村参与扶贫8年多，协助时任第一书记谢万举开展搭果棚、接水电、种植百香果和西瓜、修路筹资等工作，见证当地从土房、不通水电到产业步入正轨、生活改善。他认为乡村巨变的原因一是“不让一个人掉队”，扶贫关照具体个人，如为三,"Nick, a volunteer from Luxembourg, has participated in poverty alleviation in Zhadong Village, Guangxi for more than eight years, assisting then first secretary Xie Wanju in building fruit sheds, connecting water and electricity, planting passion fruit and watermelon, and raising funds for road construction. He witnessed the village transform from earthen houses without water and electricity to one with industries on track and improved living standards. He believes the reasons for the dramatic rural changes include 'leaving no one behind,' with poverty alleviation paying attention to specific individuals, such as for three..."
United Arab Emirates,2026-10-07,“有力推动国际关系民主化”,Vigorously Promoting the Democratization of International Relations,https://paper.people.com.cn/rmrb/pc/content/202610/07/content_30184342.html,0.05,阿联酋趋势研究中心主任阿里在接受人民日报专访时表示，金砖合作建立在平等协商和尊重多样性基础上，有助于将新兴经济体和发展中国家日益增长的影响力转化为可行方案，有力推动国际关系民主化。他认为，面对复杂国际环境，弘扬开放包容、合作共赢的金砖精神、,"Ali, director of the UAE Trends Research Center, said in an exclusive interview with People's Daily that BRICS cooperation is based on equal consultation and respect for diversity, helping to translate the growing influence of emerging economies and developing countries into practical solutions and vigorously promoting the democratization of international relations. He believes that in a complex international environment, carrying forward the BRICS spirit of openness, inclusiveness, and win-win cooperation..."
Czechia,2026-10-04,多国政要祝贺新中国成立77周年  希望继续深化对华关系,Dignitaries from many countries congratulate on the 77th anniversary of the founding of New China and hope to continue deepening relations with China,https://paper.people.com.cn/rmrb/pc/content/202610/04/content_30184207.html,0.05,多国政要祝贺中华人民共和国成立77周年，并表达继续深化对华关系的意愿。巴基斯坦、捷克、巴哈马、爱尔兰、肯尼亚、摩洛哥、尼加拉瓜、德国、匈牙利、克罗地亚、委内瑞拉、澳大利亚、巴拿马、智利等国政要高度评价中国发展成就，肯定中国在制造业、贸易、科,"Dignitaries from many countries congratulate the People's Republic of China on the 77th anniversary of its founding and express willingness to continue deepening relations with China. Dignitaries from Pakistan, the Czech Republic, the Bahamas, Ireland, Kenya, Morocco, Nicaragua, Germany, Hungary, Croatia, Venezuela, Australia, Panama, Chile and other countries highly appraise China's development achievements and affirm China's progress in manufacturing, trade, science..."
Ireland,2026-10-04,多国政要祝贺新中国成立77周年  希望继续深化对华关系,Dignitaries from many countries congratulate on the 77th anniversary of the founding of New China and hope to continue deepening relations with China,https://paper.people.com.cn/rmrb/pc/content/202610/04/content_30184207.html,0.05,多国政要祝贺中华人民共和国成立77周年，并表达继续深化对华关系的意愿。巴基斯坦、捷克、巴哈马、爱尔兰、肯尼亚、摩洛哥、尼加拉瓜、德国、匈牙利、克罗地亚、委内瑞拉、澳大利亚、巴拿马、智利等国政要高度评价中国发展成就，肯定中国在制造业、贸易、科,"Dignitaries from many countries congratulate the People's Republic of China on the 77th anniversary of its founding and express willingness to continue deepening relations with China. Dignitaries from Pakistan, the Czech Republic, the Bahamas, Ireland, Kenya, Morocco, Nicaragua, Germany, Hungary, Croatia, Venezuela, Australia, Panama, Chile and other countries highly appraise China's development achievements and affirm China's progress in manufacturing, trade, science..."
Russia,2026-10-04,“完善全球治理和推动多极化的重要力量”,"""An important force for improving global governance and promoting multipolarity""",https://paper.people.com.cn/rmrb/pc/content/202610/04/content_30184209.html,0.05,金砖国家—俄罗斯专家委员会主任帕诺娃表示，金砖合作机制成立20年来，已成为完善全球治理和推动多极化的重要力量，秉持开放包容、合作共赢精神，维护全球南方共同利益。金砖在政治安全、经贸财金、人文交流等领域合作成果丰硕，通过新开发银行融资、本币结,"Panova, director of the BRICS–Russia Expert Council, said the BRICS cooperation mechanism, since its establishment 20 years ago, has become an important force for improving global governance and promoting multipolarity, upholding openness, inclusiveness and win-win cooperation, and safeguarding the common interests of the Global South. BRICS has achieved fruitful cooperation in political and security, economic, trade and financial, and people-to-people exchanges, including financing through the New Development Bank and local currency settlement..."
Brunei,2026-10-02,谱写构建中文命运共同体新篇章（大使随笔）,Writing a new chapter in building a Chinese-language community with a shared future (Ambassador's Essay),https://paper.people.com.cn/rmrb/pc/content/202610/02/content_30184119.html,0.05,9月30日，习近平主席同文莱苏丹哈桑纳尔互致贺电，庆祝两国建交35周年。文章回顾，中文传统友谊源远流长，建交35年来政治互信不断深化，各领域合作成果丰硕，人文交流日益密切。在元首引领下，两国2013年建立战略合作关系，2018年提升为战略合,"On September 30, President Xi Jinping and Brunei Sultan Hassanal exchanged congratulatory messages to celebrate the 35th anniversary of the establishment of diplomatic relations between the two countries. The article recalled that the traditional friendship between China and Brunei has a long history, and over the 35 years since the establishment of diplomatic relations, political mutual trust has continuously deepened, cooperation in various fields has yielded fruitful results, and people-to-people exchanges have become increasingly close. Under the leadership of the heads of state, the two countries established a strategic cooperative relationship in 2013 and upgraded it to a strategic cooperative..."
Indonesia,2026-10-01,中国出版代表团亮相第四十六届印尼国际书展,Chinese publishing delegation appears at the 46th Indonesia International Book Fair,https://paper.people.com.cn/rmrb/pc/content/202610/01/content_30184039.html,0.05,9月30日，第四十六届印尼国际书展在雅加达国际会展中心开幕，中国出版代表团亮相。中国出版展区集中展示精品图书及出版成果，开展多场出版文化交流活动，吸引众多印尼读者和出版界人士。代表团汇集外文出版社、新华出版社、中央编译出版社等20余家出版机,"On September 30, the 46th Indonesia International Book Fair opened at the Jakarta International Convention Center, with a Chinese publishing delegation making an appearance. The China publishing zone showcased premium books and publishing achievements and held multiple publishing and cultural exchange events, attracting many Indonesian readers and publishing professionals. The delegation brings together Foreign Languages Press, Xinhua Publishing House, Central Compilation and Translation Press, and more than 20 other publishing institutions..."
Uzbekistan,2026-10-06,“电力稳定了，生产生活都更方便”,"""Stable electricity makes production and daily life more convenient""",https://paper.people.com.cn/rmrb/pc/content/202610/06/content_30184279.html,0.0,中国企业投资建设的乌兹别克斯坦奇尔100兆瓦/200兆瓦时储能项目已全面商业运营。该项目位于塔什干州奇尔奇克市，为首都地区首批独立电网侧储能项目之一。作为大型“绿色充电宝”，它在新能源发电富余时储能、用电高峰时释放，发挥削峰填谷、调频调压作,"The 100 MW/200 MWh Chirchiq energy storage project in Uzbekistan, invested and built by a Chinese enterprise, has entered full commercial operation. Located in Chirchiq city, Tashkent Region, the project is one of the first independent grid-side energy storage projects in the capital area. As a large ""green power bank,"" it stores energy when renewable generation is abundant and releases it during peak demand, playing a role in peak shaving, valley filling, frequency regulation, and voltage regulation."
Saudi Arabia,2026-10-05,中国匠心筑造沙特“东气西输”大动脉（共建“一带一路”·第一现场）,Chinese Craftsmanship Builds Saudi Arabia's 'East-to-West Gas Transmission' Artery (Jointly Building the Belt and Road: On the Ground),https://paper.people.com.cn/rmrb/pc/content/202610/05/content_30184232.html,0.0,中国石化石油工程建设公司承建沙特国家天然气管网三期管道项目第六、七标段，全长约700公里，建成后将构成沙特“东气西输”大动脉，提升输气能力。项目采用国产自动焊接机等智能装备，焊接精度以毫米计，总体进度超80%，累计完成超678公里管道焊接，,"Sinopec Petroleum Engineering Construction Company is building the sixth and seventh sections of the third phase pipeline project of Saudi Arabia's national natural gas pipeline network, with a total length of about 700 kilometers. Upon completion, it will form the main artery for Saudi Arabia's east-to-west gas transmission, enhancing gas transmission capacity. The project uses intelligent equipment such as domestically produced automatic welding machines, with welding precision measured in millimeters. Overall progress exceeds 80%, and over 678 kilometers of pipeline welding has been completed."
Thailand,2026-10-05,于子迪当选亚运会最有价值女运动员,Yu Zidi Elected Asian Games Most Valuable Female Athlete,https://paper.people.com.cn/rmrb/pc/content/202610/05/content_30184242.html,0.0,10月4日，亚奥理事会公布本届亚运会最有价值运动员评选结果：13岁的中国游泳选手于子迪当选最有价值女运动员，20岁的泰国田径选手布里蓬·汶颂当选最有价值男运动员。于子迪首次参加亚运会，夺得女子200米蝶泳、女子200米个人混合泳和女子400,"On October 4, the Olympic Council of Asia announced the results of the selection of the Most Valuable Players for this Asian Games: 13-year-old Chinese swimmer Yu Zidi was named the Most Valuable Female Athlete, and 20-year-old Thai track and field athlete Puripol Boonson was named the Most Valuable Male Athlete. Yu Zidi, competing in the Asian Games for the first time, won the women's 200m butterfly, women's 200m individual medley, and women's 400"
China,2026-10-01,“一位大国领导人的远见与格局”（大道之行）,“A major-country leader’s vision and breadth of mind” (The Great Way),https://paper.people.com.cn/rmrb/pc/content/202610/01/content_30184032.html,0.0,坦桑尼亚达累斯萨拉姆大学中国研究中心主任汉弗莱·莫希接受采访时表示，习近平主席给非洲学者的复信体现对非中关系和智库交流的高度重视。他长期关注中国减贫实践，多次访华，认为中国通过转变观念、因地制宜，实现数亿人脱贫，创造世界减贫奇迹；《摆脱贫困,"Humphrey Moshi, director of the Center for Chinese Studies at the University of Dar es Salaam in Tanzania, said in an interview that President Xi Jinping's reply letter to African scholars reflects the great importance he attaches to Africa-China relations and think tank exchanges. He has long followed China's poverty reduction practices and visited China many times. He believes that by changing mindsets and adapting to local conditions, China has lifted hundreds of millions of people out of poverty, creating a world miracle in poverty reduction; 'Up and Out of Poverty'..."
Kazakhstan,2026-10-01,中国跳水队达成亚运“百金”,Chinese diving team reaches 100-gold mark at Asian Games,https://paper.people.com.cn/rmrb/pc/content/202610/01/content_30184069.html,0.0,截至9月30日，中国体育代表团在名古屋亚运会共获151金67银59铜，继续领跑奖牌榜。跳水比赛中，陈艺文、陈佳包揽女子三米板金银牌；练俊杰夺得男子十米台金牌，这是中国跳水队亚运历史第100金，赵仁杰获铜牌，中国跳水队连续第十四次包揽亚运会跳,"As of September 30, the Chinese sports delegation had won 151 gold, 67 silver and 59 bronze medals at the Nagoya Asian Games, continuing to lead the medal table. In diving, Chen Yiwen and Chen Jia took gold and silver in the women's 3m springboard; Lian Junjie won gold in the men's 10m platform, the 100th gold medal in Asian Games history for China's diving team, and Zhao Renjie won bronze. The Chinese diving team completed its 14th consecutive sweep of Asian Games diving..."
