country,date,title,title_en,url
Japan,2026-10-05,第二十届亚运会闭幕,The 20th Asian Games Concludes,https://paper.people.com.cn/rmrb/pc/content/202610/05/content_30184225.html
Saudi Arabia,2026-10-05,中国匠心筑造沙特“东气西输”大动脉（共建“一带一路”·第一现场）,Chinese Ingenuity Builds Saudi Arabia's 'East-to-West Gas Transmission' Artery (Jointly Building the Belt and Road · On the Ground),https://paper.people.com.cn/rmrb/pc/content/202610/05/content_30184232.html
India,2026-10-05,共同推动中印关系行稳致远（国际论坛）,Jointly Promoting the Steady and Long-term Development of China-India Relations (International Forum),https://paper.people.com.cn/rmrb/pc/content/202610/05/content_30184233.html
Germany,2026-10-05,2026年中德青少年交流音乐会举行,2026 China-Germany Youth Exchange Concert Held,https://paper.people.com.cn/rmrb/pc/content/202610/05/content_30184235.html
Japan,2026-10-05,追逐梦想，在赛场淬炼提升（亚运纵横）,"Chasing Dreams, Tempering and Improving on the Field (Asian Games Roundup)",https://paper.people.com.cn/rmrb/pc/content/202610/05/content_30184240.html
Thailand,2026-10-05,于子迪当选亚运会最有价值女运动员,Yu Zidi Named Most Valuable Female Athlete of the Asian Games,https://paper.people.com.cn/rmrb/pc/content/202610/05/content_30184242.html
South Korea,2026-10-05,“我想把五星红旗高高举起”,"""I want to raise the five-star red flag high""",https://paper.people.com.cn/rmrb/pc/content/202610/05/content_30184243.html
Thailand,2026-10-05,“我想把五星红旗高高举起”,"""I want to raise the five-star red flag high""",https://paper.people.com.cn/rmrb/pc/content/202610/05/content_30184243.html
Pakistan,2026-10-04,多国政要祝贺新中国成立77周年  希望继续深化对华关系,"Foreign leaders congratulate the 77th anniversary of the founding of the People's Republic of China, hope to continue deepening relations with China",https://paper.people.com.cn/rmrb/pc/content/202610/04/content_30184207.html
Czechia,2026-10-04,多国政要祝贺新中国成立77周年  希望继续深化对华关系,"Foreign leaders congratulate the 77th anniversary of the founding of the People's Republic of China, hope to continue deepening relations with China",https://paper.people.com.cn/rmrb/pc/content/202610/04/content_30184207.html
Ireland,2026-10-04,多国政要祝贺新中国成立77周年  希望继续深化对华关系,"Foreign leaders congratulate the 77th anniversary of the founding of the People's Republic of China, hope to continue deepening relations with China",https://paper.people.com.cn/rmrb/pc/content/202610/04/content_30184207.html
US,2026-10-04,元首外交引领中美关系稳步前行（国际论坛）,Head-of-state diplomacy guides steady progress in China-U.S. relations (International Forum),https://paper.people.com.cn/rmrb/pc/content/202610/04/content_30184208.html
Russia,2026-10-04,“完善全球治理和推动多极化的重要力量”,“An important force for improving global governance and promoting multipolarity”,https://paper.people.com.cn/rmrb/pc/content/202610/04/content_30184209.html
Brazil,2026-10-04,图片报道,Photo report,https://paper.people.com.cn/rmrb/pc/content/202610/04/content_30184211.html
Brazil,2026-10-04,“文化交流能够拉近两国人民距离”,“Cultural exchanges can bring the people of the two countries closer”,https://paper.people.com.cn/rmrb/pc/content/202610/04/content_30184212.html
Taiwan,2026-10-02,迈步新征程，我们自信而笃行（一见）,"Striding forward on a new journey, we are confident and steadfast (First Look)",https://paper.people.com.cn/rmrb/pc/content/202610/02/content_30184117.html
North Korea,2026-10-02,多国人士盛赞中国发展成就  期待深化对华合作,People from many countries hail China's development achievements and look forward to deepening cooperation with China,https://paper.people.com.cn/rmrb/pc/content/202610/02/content_30184118.html
Italy,2026-10-02,多国人士盛赞中国发展成就  期待深化对华合作,People from many countries hail China's development achievements and look forward to deepening cooperation with China,https://paper.people.com.cn/rmrb/pc/content/202610/02/content_30184118.html
Brunei,2026-10-02,谱写构建中文命运共同体新篇章（大使随笔）,Writing a new chapter in building a community with a shared future for the Chinese language (Ambassador's Essay),https://paper.people.com.cn/rmrb/pc/content/202610/02/content_30184119.html
Taiwan,2026-10-01,庆祝中华人民共和国成立77周年招待会在京举行,Reception marking the 77th anniversary of the founding of the People's Republic of China held in Beijing,https://paper.people.com.cn/rmrb/pc/content/202610/01/content_30184023.html
Brunei,2026-10-01,习近平同文莱苏丹哈桑纳尔就中文建交35周年互致贺电,Xi Jinping and Brunei Sultan Hassanal exchange congratulatory messages on the 35th anniversary of China-Brunei diplomatic ties,https://paper.people.com.cn/rmrb/pc/content/202610/01/content_30184024.html
Tanzania,2026-10-01,“一位大国领导人的远见与格局”（大道之行）,"""A Major-Country Leader's Vision and Foresight"" (The Great Way Prevails)",https://paper.people.com.cn/rmrb/pc/content/202610/01/content_30184032.html
China,2026-10-01,“一位大国领导人的远见与格局”（大道之行）,"""A Major-Country Leader's Vision and Foresight"" (The Great Way Prevails)",https://paper.people.com.cn/rmrb/pc/content/202610/01/content_30184032.html
Turkey,2026-10-01,中国式现代化的生动实践拓展了现代化的实现路径（国际论坛）,The vivid practice of Chinese modernization expands paths to modernization (International Forum),https://paper.people.com.cn/rmrb/pc/content/202610/01/content_30184033.html
France,2026-10-01,“激励更多青年投身技能事业”,"""Inspiring More Young People to Pursue Skilled Careers""",https://paper.people.com.cn/rmrb/pc/content/202610/01/content_30184035.html
Qatar,2026-10-01,深化多边合作  推动可持续基础设施发展,Deepen multilateral cooperation to promote sustainable infrastructure development,https://paper.people.com.cn/rmrb/pc/content/202610/01/content_30184036.html
Pakistan,2026-10-01,深化多边合作  推动可持续基础设施发展,Deepen multilateral cooperation to promote sustainable infrastructure development,https://paper.people.com.cn/rmrb/pc/content/202610/01/content_30184036.html
South Africa,2026-10-01,深化多边合作  推动可持续基础设施发展,Deepen multilateral cooperation to promote sustainable infrastructure development,https://paper.people.com.cn/rmrb/pc/content/202610/01/content_30184036.html
Egypt,2026-10-01,2026全球南方现代化论坛在埃及开罗举行,"2026 Global South Modernization Forum held in Cairo, Egypt",https://paper.people.com.cn/rmrb/pc/content/202610/01/content_30184037.html
Indonesia,2026-10-01,中国出版代表团亮相第四十六届印尼国际书展,Chinese publishing delegation appears at the 46th Indonesia International Book Fair,https://paper.people.com.cn/rmrb/pc/content/202610/01/content_30184039.html
India,2026-10-01,中国跳水队达成亚运“百金”,Chinese diving team achieves 100-gold milestone at the Asian Games,https://paper.people.com.cn/rmrb/pc/content/202610/01/content_30184069.html
Kazakhstan,2026-10-01,中国跳水队达成亚运“百金”,Chinese diving team achieves 100-gold milestone at the Asian Games,https://paper.people.com.cn/rmrb/pc/content/202610/01/content_30184069.html
Uzbekistan,2026-10-01,中国跳水队达成亚运“百金”,Chinese diving team achieves 100-gold milestone at the Asian Games,https://paper.people.com.cn/rmrb/pc/content/202610/01/content_30184069.html
Egypt,2026-09-30,跨越山海，人生因共建“一带一路”而精彩,"Across Mountains and Seas, Lives Enriched by Belt and Road Cooperation",https://paper.people.com.cn/rmrb/pc/content/202609/30/content_30183831.html
Malaysia,2026-09-30,弥合鸿沟，共塑数字贸易秩序,Bridging the Gap to Jointly Shape the Digital Trade Order,https://paper.people.com.cn/rmrb/pc/content/202609/30/content_30183832.html
Hungary,2026-09-30,弥合鸿沟，共塑数字贸易秩序,Bridging the Gap to Jointly Shape the Digital Trade Order,https://paper.people.com.cn/rmrb/pc/content/202609/30/content_30183832.html
Papua New Guinea,2026-09-30,庆祝中国与巴布亚新几内亚建交50周年招待会在京举行,Reception Held in Beijing to Celebrate 50th Anniversary of China-Papua New Guinea Diplomatic Relations,https://paper.people.com.cn/rmrb/pc/content/202609/30/content_30183834.html
North Korea,2026-09-30,中国驻朝鲜大使馆祭扫志愿军烈士陵园,Chinese Embassy in DPRK Pays Tribute at Martyrs Cemetery of Chinese People's Volunteers,https://paper.people.com.cn/rmrb/pc/content/202609/30/content_30183836.html
Laos,2026-09-30,中老铁路磨丁至万象城际列车首发,China-Laos Railway Boten–Vientiane Intercity Train Makes Debut,https://paper.people.com.cn/rmrb/pc/content/202609/30/content_30183839.html
US,2026-09-30,从能源转型看“人类命运共同体”（连线评论员）,Viewing the Community with a Shared Future for Mankind through Energy Transition (Commentator Connection),https://paper.people.com.cn/rmrb/pc/content/202609/30/content_30183853.html
Israel,2026-09-30,从能源转型看“人类命运共同体”（连线评论员）,Viewing the Community with a Shared Future for Mankind through Energy Transition (Commentator Connection),https://paper.people.com.cn/rmrb/pc/content/202609/30/content_30183853.html
Iran,2026-09-30,从能源转型看“人类命运共同体”（连线评论员）,Viewing the Community with a Shared Future for Mankind through Energy Transition (Commentator Connection),https://paper.people.com.cn/rmrb/pc/content/202609/30/content_30183853.html
France,2026-09-30,卡游制笔未来工厂  小笔尖书写国货新答卷,Kayou's Future Pen Factory: Tiny Nibs Write New Answers for Chinese Goods,https://paper.people.com.cn/rmrb/pc/content/202609/30/content_30183865.html
Germany,2026-09-30,卡游制笔未来工厂  小笔尖书写国货新答卷,Kayou's Future Pen Factory: Tiny Nibs Write New Answers for Chinese Goods,https://paper.people.com.cn/rmrb/pc/content/202609/30/content_30183865.html
South Korea,2026-09-30,亚洲体育整体提升进步（亚运纵横）,Asian Sports See Overall Improvement and Progress (Asian Games Roundup),https://paper.people.com.cn/rmrb/pc/content/202609/30/content_30183773.html
Netherlands,2026-09-30,模拟蜜蜂“回家”的无人机（创新汇）,"A Drone That Simulates How Bees ""Return Home"" (Innovation Hub)",https://paper.people.com.cn/rmrb/pc/content/202609/30/content_30183787.html
Luxembourg,2026-09-30,中国乡村何以发生巨变（我眼中的中国）,Why China's Rural Areas Have Seen Great Changes (China in My Eyes),https://paper.people.com.cn/rmrb/pc/content/202609/30/content_30183796.html
Bangladesh,2026-09-29,以南南合作汇聚全球可持续发展合力（国际论坛）,Pooling global sustainable development synergy through South-South cooperation (International Forum),https://paper.people.com.cn/rmrb/pc/content/202609/29/content_30183709.html
UK,2026-09-29,以会为桥  以会聚智  以会兴业,"Using conferences as bridges, pooling wisdom, and boosting industries",https://paper.people.com.cn/rmrb/pc/content/202609/29/content_30183635.html
Palestinian Territories,2026-09-29,从被动应对危机转向主动建构秩序（权威论坛）,From passively responding to crises to proactively building order (Authoritative Forum),https://paper.people.com.cn/rmrb/pc/content/202609/29/content_30183638.html
Bulgaria,2026-09-28,韩正出席第81届联合国大会一般性辩论并发表讲话,Han Zheng attends and addresses the General Debate of the 81st Session of the UN General Assembly,https://paper.people.com.cn/rmrb/pc/content/202609/28/content_30183346.html
Serbia,2026-09-28,韩正出席第81届联合国大会一般性辩论并发表讲话,Han Zheng attends and addresses the General Debate of the 81st Session of the UN General Assembly,https://paper.people.com.cn/rmrb/pc/content/202609/28/content_30183346.html
Mauritius,2026-09-28,“现代化社区建设的典范”（共创繁荣发展新时代）,“A model of modern community building” (Jointly Creating a New Era of Prosperity and Development),https://paper.people.com.cn/rmrb/pc/content/202609/28/content_30183354.html
Russia,2026-09-28,“中华民族一家亲”图片展在莫斯科举行,“One Family of the Chinese Nation” photo exhibition held in Moscow,https://paper.people.com.cn/rmrb/pc/content/202609/28/content_30183355.html
Peru,2026-09-28,“现代化的不同路径：中国的经验”宣介会在秘鲁举办,Seminar on “Different Paths to Modernization: China's Experience” held in Peru,https://paper.people.com.cn/rmrb/pc/content/202609/28/content_30183356.html
Peru,2026-09-28,人权的温度，在普通人的生活里（环球走笔）,The warmth of human rights lies in ordinary people's lives (Global Notes),https://paper.people.com.cn/rmrb/pc/content/202609/28/content_30183312.html
Mexico,2026-09-28,人权的温度，在普通人的生活里（环球走笔）,The warmth of human rights lies in ordinary people's lives (Global Notes),https://paper.people.com.cn/rmrb/pc/content/202609/28/content_30183312.html
Singapore,2026-09-28,十八载耕绿拓新  十八岁向阳而立 中新天津生态城昂扬奔赴绿色发展新未来,"After 18 years of green pioneering and sunward growth, the Sino-Singapore Tianjin Eco-City strides confidently toward a new future of green development",https://paper.people.com.cn/rmrb/pc/content/202609/28/content_30183313.html
UK,2026-09-28,共赴智造之约  共享发展机遇,Together embrace smart manufacturing and share development opportunities,https://paper.people.com.cn/rmrb/pc/content/202609/28/content_30183319.html
Iran,2026-09-27,中美达成八点成果共识,China and U.S. reach eight-point consensus on outcomes,https://paper.people.com.cn/rmrb/pc/content/202609/27/content_30183285.html
Senegal,2026-09-27,中国海军“吉祥方舟”号医院船抵达塞内加尔,Chinese navy hospital ship 'Jixiang Fangzhou' arrives in Senegal,https://paper.people.com.cn/rmrb/pc/content/202609/27/content_30183292.html
Saudi Arabia,2026-09-27,技能点亮赛场  匠心托举未来（走进世界技能大赛）,"Skills light up the arena, craftsmanship lifts the future (Inside the WorldSkills Competition)",https://paper.people.com.cn/rmrb/pc/content/202609/27/content_30183297.html
Vietnam,2026-09-26,平陆运河首条外贸航线首艘货船抵达越南芹苴港,"First cargo ship on the first foreign trade route of the Pinglu Canal arrives at Can Tho Port, Vietnam",https://paper.people.com.cn/rmrb/pc/content/202609/26/content_30183109.html
Mongolia,2026-09-26,第十四届“感知中国”内蒙古文化周活动在蒙古国举行,14th 'Experience China' Inner Mongolia Culture Week held in Mongolia,https://paper.people.com.cn/rmrb/pc/content/202609/26/content_30183110.html
Denmark,2026-09-26,技能让文化交融交流（走进世界技能大赛）,Skills foster cultural exchange and integration (Inside the WorldSkills Competition),https://paper.people.com.cn/rmrb/pc/content/202609/26/content_30183115.html
Sweden,2026-09-26,技能让文化交融交流（走进世界技能大赛）,Skills foster cultural exchange and integration (Inside the WorldSkills Competition),https://paper.people.com.cn/rmrb/pc/content/202609/26/content_30183115.html
Canada,2026-09-26,技能让文化交融交流（走进世界技能大赛）,Skills foster cultural exchange and integration (Inside the WorldSkills Competition),https://paper.people.com.cn/rmrb/pc/content/202609/26/content_30183115.html
Ukraine,2026-09-25,习近平同美国总统特朗普会谈,Xi Jinping holds talks with US President Trump,https://paper.people.com.cn/rmrb/pc/content/202609/25/content_30183032.html
Malaysia,2026-09-25,李强出席第五届全球数字贸易博览会启动仪式并致辞,Li Qiang attends opening ceremony of the 5th Global Digital Trade Expo and delivers a speech,https://paper.people.com.cn/rmrb/pc/content/202609/25/content_30183044.html
Kyrgyzstan,2026-09-25,李强出席第五届全球数字贸易博览会启动仪式并致辞,Li Qiang attends opening ceremony of the 5th Global Digital Trade Expo and delivers a speech,https://paper.people.com.cn/rmrb/pc/content/202609/25/content_30183044.html
Uzbekistan,2026-09-24,王东明会见乌兹别克斯坦工会联合会代表团,Wang Dongming meets delegation from the Federation of Trade Unions of Uzbekistan,https://paper.people.com.cn/rmrb/pc/content/202609/24/content_30182822.html
Kyrgyzstan,2026-09-24,李强会见吉尔吉斯斯坦总理卡瑟马利耶夫,Li Qiang meets Kyrgyz Prime Minister Kasymaliev,https://paper.people.com.cn/rmrb/pc/content/202609/24/content_30182824.html
Mongolia,2026-09-24,第七届中国辽宁国际投资贸易洽谈会开幕,The 7th China Liaoning International Investment and Trade Fair opens,https://paper.people.com.cn/rmrb/pc/content/202609/24/content_30182848.html
Italy,2026-09-24,共护文明瑰宝  谱写互鉴新篇,Jointly protecting treasures of civilization and writing a new chapter of mutual learning,https://paper.people.com.cn/rmrb/pc/content/202609/24/content_30182864.html
Kazakhstan,2026-09-23,丁薛祥会见哈萨克斯坦第一副总理纳利巴耶夫,Ding Xuexiang Meets with Kazakhstan's First Deputy Prime Minister Nalibayev,https://paper.people.com.cn/rmrb/pc/content/202609/23/content_30182611.html
Cambodia,2026-09-23,韩正会见柬埔寨国王西哈莫尼和太后莫尼列,Han Zheng Meets with Cambodian King Norodom Sihamoni and Queen Mother Norodom Monineath,https://paper.people.com.cn/rmrb/pc/content/202609/23/content_30182612.html
Vietnam,2026-09-23,三连冠！中国女排赢了（赛场直击）,Three-peat! China Women's Volleyball Team Wins (On-site Report),https://paper.people.com.cn/rmrb/pc/content/202609/23/content_30182601.html
Indonesia,2026-09-22,王沪宁会见印度尼西亚人民协商会议主席穆扎尼,Wang Huning meets with Indonesian People's Consultative Assembly Speaker Muzani,https://paper.people.com.cn/rmrb/pc/content/202609/22/content_30182381.html
Australia,2026-09-22,韩正会见澳大利亚联邦议会众议长迪克,Han Zheng meets with Speaker of the Australian House of Representatives Dick,https://paper.people.com.cn/rmrb/pc/content/202609/22/content_30182383.html
Laos,2026-09-22,铁凝会见老挝国会外事委员会代表团,Tie Ning meets with Lao National Assembly Foreign Affairs Committee delegation,https://paper.people.com.cn/rmrb/pc/content/202609/22/content_30182390.html
Tanzania,2026-09-22,洛桑江村会见坦桑尼亚国民议会议长尊古,Losang Jamcan meets with Tanzanian National Assembly Speaker Zungu,https://paper.people.com.cn/rmrb/pc/content/202609/22/content_30182391.html
Australia,2026-09-21,赵乐际同澳大利亚联邦议会众议长迪克会谈,Zhao Leji Holds Talks with Speaker of the Australian House of Representatives Dick,https://paper.people.com.cn/rmrb/pc/content/202609/21/content_30182229.html
Nigeria,2026-09-21,汇聚共同发展力量  照亮人类美好未来（寰宇平）,Gather Strength for Common Development and Illuminate a Bright Future for Humanity (Huan Yuping),https://paper.people.com.cn/rmrb/pc/content/202609/21/content_30182234.html
Grenada,2026-09-21,汇聚共同发展力量  照亮人类美好未来（寰宇平）,Gather Strength for Common Development and Illuminate a Bright Future for Humanity (Huan Yuping),https://paper.people.com.cn/rmrb/pc/content/202609/21/content_30182234.html
Ethiopia,2026-09-21,“让多边合作成果更加公平地惠及各国人民”,Make Multilateral Cooperation Outcomes Benefit People of All Countries More Equitably,https://paper.people.com.cn/rmrb/pc/content/202609/21/content_30182236.html
Finland,2026-09-21,“2026世界市长对话·武汉”活动举行,2026 World Mayors Dialogue·Wuhan Event Held,https://paper.people.com.cn/rmrb/pc/content/202609/21/content_30182213.html
South Africa,2026-09-21,“2026世界市长对话·武汉”活动举行,2026 World Mayors Dialogue·Wuhan Event Held,https://paper.people.com.cn/rmrb/pc/content/202609/21/content_30182213.html
Montenegro,2026-09-21,走过这座桥，也成为这座桥,Walk Across This Bridge and Become This Bridge,https://paper.people.com.cn/rmrb/pc/content/202609/21/content_30182130.html
Spain,2026-09-21,中文为桥，青春同行,"Chinese as a Bridge, Youth Walk Together",https://paper.people.com.cn/rmrb/pc/content/202609/21/content_30182131.html
Timor-Leste,2026-09-20,助力构建更为紧密的中国—东盟命运共同体,Helping build a closer China-ASEAN community with a shared future,https://paper.people.com.cn/rmrb/pc/content/202609/20/content_30182067.html
United Arab Emirates,2026-09-20,“中国入境游”备受阿拉伯国家青睐,China's inbound tourism favored by Arab countries,https://paper.people.com.cn/rmrb/pc/content/202609/20/content_30182072.html
Curaçao,2026-09-20,做好“侨”文章  架起“连心桥”（侨界传真）,Doing well in 'overseas Chinese' work and building 'heart-to-heart bridges' (Overseas Chinese Update),https://paper.people.com.cn/rmrb/pc/content/202609/20/content_30182013.html
Senegal,2026-09-19,图片报道,Photo report,https://paper.people.com.cn/rmrb/pc/content/202609/19/content_30181987.html
Oman,2026-09-19,男曲、女排中国队双双取胜,Chinese men's hockey and women's volleyball teams both win,https://paper.people.com.cn/rmrb/pc/content/202609/19/content_30181959.html
Myanmar (Burma),2026-09-18,丁薛祥出席第23届中国—东盟博览会开幕式并会见与会外国政要,Ding Xuexiang attends opening ceremony of 23rd China-ASEAN Expo and meets with foreign dignitaries,https://paper.people.com.cn/rmrb/pc/content/202609/18/content_30181787.html
Mauritania,2026-09-18,董军同出席北京香山论坛客人举行会谈,Dong Jun holds talks with guests attending the Beijing Xiangshan Forum,https://paper.people.com.cn/rmrb/pc/content/202609/18/content_30181801.html
Gabon,2026-09-18,董军同出席北京香山论坛客人举行会谈,Dong Jun holds talks with guests attending the Beijing Xiangshan Forum,https://paper.people.com.cn/rmrb/pc/content/202609/18/content_30181801.html
Somalia,2026-09-18,董军同出席北京香山论坛客人举行会谈,Dong Jun holds talks with guests attending the Beijing Xiangshan Forum,https://paper.people.com.cn/rmrb/pc/content/202609/18/content_30181801.html
Spain,2026-09-18,一个西班牙记者眼中的中国文学（四海友声）,Chinese literature in the eyes of a Spanish journalist (Voices of Friendship),https://paper.people.com.cn/rmrb/pc/content/202609/18/content_30181695.html
Zambia,2026-09-18,《赋能者》的故事,The story of “The Empowerer”,https://paper.people.com.cn/rmrb/pc/content/202609/18/content_30181696.html
Kenya,2026-09-18,《赋能者》的故事,The story of “The Empowerer”,https://paper.people.com.cn/rmrb/pc/content/202609/18/content_30181696.html
Belgium,2026-09-18,遇见布鲁塞尔“小狐狸”,Encountering Brussels' “Little Fox”,https://paper.people.com.cn/rmrb/pc/content/202609/18/content_30181698.html
Myanmar (Burma),2026-09-17,丁薛祥将出席第23届中国—东盟博览会暨中国—东盟商务与投资峰会开幕式,Ding Xuexiang to attend opening ceremony of the 23rd China-ASEAN Expo and China-ASEAN Business and Investment Summit,https://paper.people.com.cn/rmrb/pc/content/202609/17/content_30181515.html
Oman,2026-09-17,王毅同伊朗外长阿拉格齐会谈,Wang Yi holds talks with Iranian Foreign Minister Araghchi,https://paper.people.com.cn/rmrb/pc/content/202609/17/content_30181527.html
Morocco,2026-09-17,王东峰分别会见埃及、印尼、摩洛哥和国际组织客人,"Wang Dongfeng meets separately with guests from Egypt, Indonesia, Morocco and international organizations",https://paper.people.com.cn/rmrb/pc/content/202609/17/content_30181531.html
Cambodia,2026-09-17,董军同出席北京香山论坛客人举行会谈,Dong Jun holds talks with guests attending the Beijing Xiangshan Forum,https://paper.people.com.cn/rmrb/pc/content/202609/17/content_30181533.html
Singapore,2026-09-17,董军同出席北京香山论坛客人举行会谈,Dong Jun holds talks with guests attending the Beijing Xiangshan Forum,https://paper.people.com.cn/rmrb/pc/content/202609/17/content_30181533.html
Cuba,2026-09-17,海外看中国·全球发展倡议主题交流活动举行,Exchange event held on the theme of 'Overseas Views of China · Global Development Initiative',https://paper.people.com.cn/rmrb/pc/content/202609/17/content_30181555.html
Switzerland,2026-09-17,赵家驹夺巨人之旅越野赛冠军,Zhao Jiaju wins Tor des Géants trail race,https://paper.people.com.cn/rmrb/pc/content/202609/17/content_30181475.html
Sri Lanka,2026-09-17,讲好携手打造中斯命运共同体的精彩故事,Tell the wonderful stories of working together to build a China-Sri Lanka community with a shared future,https://paper.people.com.cn/rmrb/pc/content/202609/17/content_30181479.html
United Arab Emirates,2026-09-17,“龙餐馆”里的“中国味”（环球走笔）,'Chinese flavor' in 'Dragon Restaurant' (Global Notes),https://paper.people.com.cn/rmrb/pc/content/202609/17/content_30181480.html
Libya,2026-09-17,“龙餐馆”里的“中国味”（环球走笔）,'Chinese flavor' in 'Dragon Restaurant' (Global Notes),https://paper.people.com.cn/rmrb/pc/content/202609/17/content_30181480.html
Yemen,2026-09-17,环球扫描,Global Scan,https://paper.people.com.cn/rmrb/pc/content/202609/17/content_30181481.html
Mexico,2026-09-17,实施“水务针灸”  构建监测体系,Implement 'water acupuncture' to build a monitoring system,https://paper.people.com.cn/rmrb/pc/content/202609/17/content_30181482.html
Hungary,2026-08-28,十四届全国人大常委会举行第七十二次委员长会议,14th NPC Standing Committee Holds 72nd Chairpersons' Meeting,https://paper.people.com.cn/rmrb/pc/content/202608/28/content_30177628.html
Nepal,2026-08-28,外交部：中方正同尼方密切沟通  共同做好搜救工作,Foreign Ministry: China in Close Communication with Nepal to Conduct Joint Search and Rescue,https://paper.people.com.cn/rmrb/pc/content/202608/28/content_30177638.html
Austria,2026-08-28,奥地利国民议会议长将访华,Speaker of Austrian National Council to Visit China,https://paper.people.com.cn/rmrb/pc/content/202608/28/content_30177640.html
Nepal,2026-08-28,高位冰崩如何演变为泥石流,How a High-Altitude Ice Avalanche Evolved into a Debris Flow,https://paper.people.com.cn/rmrb/pc/content/202608/28/content_30177645.html
Argentina,2026-08-28,讲好丝路故事  传承丝路精神,Tell Silk Road Stories Well and Carry Forward the Silk Road Spirit,https://paper.people.com.cn/rmrb/pc/content/202608/28/content_30177689.html
Congo - Kinshasa,2026-08-28,讲好丝路故事  传承丝路精神,Tell Silk Road Stories Well and Carry Forward the Silk Road Spirit,https://paper.people.com.cn/rmrb/pc/content/202608/28/content_30177689.html
Philippines,2026-08-27,琴澳一体化建设重大项目迈出坚实步伐,Major Hengqin-Macao integration project takes solid step forward,https://paper.people.com.cn/rmrb/pc/content/202608/27/content_30177489.html
Iraq,2026-08-27,中国队晋级八强,Team China advances to quarterfinals,https://paper.people.com.cn/rmrb/pc/content/202608/27/content_30177547.html
Portugal,2026-08-27,国际汽联生态拉力杯（中国站）将在安徽举办,FIA Eco Rally Cup (China round) to be held in Anhui,https://paper.people.com.cn/rmrb/pc/content/202608/27/content_30177552.html
Nigeria,2026-08-27,非洲深挖蓝色经济增长潜能（国际视点）,Africa taps blue economy growth potential (International Perspectives),https://paper.people.com.cn/rmrb/pc/content/202608/27/content_30177554.html
Ethiopia,2026-08-27,中国制造做大了发展赋能的“蛋糕”（环球走笔）,Made in China enlarges the 'cake' of development empowerment (Global Notes),https://paper.people.com.cn/rmrb/pc/content/202608/27/content_30177555.html
Cuba,2026-08-27,环球扫描,Global Scan,https://paper.people.com.cn/rmrb/pc/content/202608/27/content_30177556.html
Canada,2026-08-27,环球扫描,Global Scan,https://paper.people.com.cn/rmrb/pc/content/202608/27/content_30177556.html
Finland,2026-08-26,123个国家和地区的代表团报名参加投洽会（权威发布）,Delegations from 123 Countries and Regions Register for CIFIT (Authoritative Release),https://paper.people.com.cn/rmrb/pc/content/202608/26/content_30177119.html
Philippines,2026-08-26,暑期档电影活力奔涌（新时代画卷）,Summer Movie Season Bursts with Vitality (New Era Panorama),https://paper.people.com.cn/rmrb/pc/content/202608/26/content_30177097.html
Syria,2026-08-26,环球扫描,Global Scan,https://paper.people.com.cn/rmrb/pc/content/202608/26/content_30177153.html
Slovenia,2026-08-26,斯洛文尼亚启动老煤矿区绿色转型项目,Slovenia Launches Green Transition Project in Old Coal Mining Region,https://paper.people.com.cn/rmrb/pc/content/202608/26/content_30177154.html
Jordan,2026-08-25,习近平同约旦国王阿卜杜拉二世会谈,Xi Jinping holds talks with King Abdullah II of Jordan,https://paper.people.com.cn/rmrb/pc/content/202608/25/content_30177026.html
Palestinian Territories,2026-08-25,习近平同约旦国王阿卜杜拉二世会谈,Xi Jinping holds talks with King Abdullah II of Jordan,https://paper.people.com.cn/rmrb/pc/content/202608/25/content_30177026.html
Bangladesh,2026-08-25,习近平致电祝贺阿拉姆吉尔就任孟加拉国总统,Xi Jinping sends congratulatory message to Alamgir on assuming office as President of Bangladesh,https://paper.people.com.cn/rmrb/pc/content/202608/25/content_30177029.html
Jordan,2026-08-25,李强会见约旦国王阿卜杜拉二世,Li Qiang meets with King Abdullah II of Jordan,https://paper.people.com.cn/rmrb/pc/content/202608/25/content_30177030.html
Kuwait,2026-08-25,韩正会见科威特外交大臣杰拉赫,Han Zheng meets with Kuwaiti Foreign Minister Jarrah,https://paper.people.com.cn/rmrb/pc/content/202608/25/content_30177032.html
Ghana,2026-08-25,“不仅造福中国人民，也利好世界人民”,"“Not only benefits the Chinese people, but also benefits the people of the world”",https://paper.people.com.cn/rmrb/pc/content/202608/25/content_30176935.html
Zimbabwe,2026-08-25,“不仅造福中国人民，也利好世界人民”,"“Not only benefits the Chinese people, but also benefits the people of the world”",https://paper.people.com.cn/rmrb/pc/content/202608/25/content_30176935.html
Kuwait,2026-08-25,王毅同科威特外交大臣杰拉赫会谈,Wang Yi holds talks with Kuwaiti Foreign Minister Jarrah,https://paper.people.com.cn/rmrb/pc/content/202608/25/content_30176938.html
Israel,2026-08-25,王毅同科威特外交大臣杰拉赫会谈,Wang Yi holds talks with Kuwaiti Foreign Minister Jarrah,https://paper.people.com.cn/rmrb/pc/content/202608/25/content_30176938.html
Poland,2026-08-25,中国与维谢格拉德集团专家学者展望务实合作前景,Experts and scholars from China and the Visegrad Group look to prospects for practical cooperation,https://paper.people.com.cn/rmrb/pc/content/202608/25/content_30176941.html
Czechia,2026-08-25,中国与维谢格拉德集团专家学者展望务实合作前景,Experts and scholars from China and the Visegrad Group look to prospects for practical cooperation,https://paper.people.com.cn/rmrb/pc/content/202608/25/content_30176941.html
Slovakia,2026-08-25,中国与维谢格拉德集团专家学者展望务实合作前景,Experts and scholars from China and the Visegrad Group look to prospects for practical cooperation,https://paper.people.com.cn/rmrb/pc/content/202608/25/content_30176941.html
Switzerland,2026-08-25,中国与瑞士宣布完成自贸协定升级谈判,China and Switzerland announce completion of free trade agreement upgrade negotiations,https://paper.people.com.cn/rmrb/pc/content/202608/25/content_30176942.html
Benin,2026-08-25,贝宁积极打造热带菠萝特色产业（第一现场）,Benin actively develops specialty tropical pineapple industry (First Scene),https://paper.people.com.cn/rmrb/pc/content/202608/25/content_30176901.html
Congo - Kinshasa,2026-08-25,环球扫描,Global Scan,https://paper.people.com.cn/rmrb/pc/content/202608/25/content_30176903.html
Sweden,2026-08-25,北欧多国考虑重启核电建设,Several Nordic countries consider restarting nuclear power construction,https://paper.people.com.cn/rmrb/pc/content/202608/25/content_30176906.html
Denmark,2026-08-25,北欧多国考虑重启核电建设,Several Nordic countries consider restarting nuclear power construction,https://paper.people.com.cn/rmrb/pc/content/202608/25/content_30176906.html
Norway,2026-08-25,北欧多国考虑重启核电建设,Several Nordic countries consider restarting nuclear power construction,https://paper.people.com.cn/rmrb/pc/content/202608/25/content_30176906.html
Tajikistan,2026-08-25,佛山，岭南古城“敢饮头啖汤”（外国人眼中的中国城市）,"Foshan, an ancient Lingnan city that 'dares to drink the first sip of soup' (Chinese Cities in the Eyes of Foreigners)",https://paper.people.com.cn/rmrb/pc/content/202608/25/content_30176908.html
Greece,2026-08-24,推进高质量共建“一带一路”走深走实（新时代画卷）,Advance High-Quality Belt and Road Cooperation in Depth and Substance (New Era Gallery),https://paper.people.com.cn/rmrb/pc/content/202608/24/content_30176667.html
Iraq,2026-08-24,中国女排瞄准奥运直通“门票”,Chinese Women's Volleyball Team Eyes Direct Olympic 'Ticket',https://paper.people.com.cn/rmrb/pc/content/202608/24/content_30176697.html
Portugal,2026-08-24,南欧四国“逆袭”，做对了什么？（环球走笔）,What Did Four Southern European Countries Do Right in Their 'Comeback'? (Global Notes),https://paper.people.com.cn/rmrb/pc/content/202608/24/content_30176706.html
Greece,2026-08-24,南欧四国“逆袭”，做对了什么？（环球走笔）,What Did Four Southern European Countries Do Right in Their 'Comeback'? (Global Notes),https://paper.people.com.cn/rmrb/pc/content/202608/24/content_30176706.html
Mauritania,2026-08-22,在撒哈拉沙漠孕育绿色希望（国际论坛）,Nurturing green hope in the Sahara Desert (International Forum),https://paper.people.com.cn/rmrb/pc/content/202608/22/content_30176478.html
Chile,2026-08-22,“亚太青年汇·能源创未来”活动在深圳举行,'Asia-Pacific Youth Gathering · Energy Creates the Future' event held in Shenzhen,https://paper.people.com.cn/rmrb/pc/content/202608/22/content_30176486.html
Zambia,2026-08-21,习近平致电祝贺希奇莱马当选连任赞比亚总统,Xi Jinping sends congratulatory message to Hichilema on his re-election as Zambian president,https://paper.people.com.cn/rmrb/pc/content/202608/21/content_30176293.html
El Salvador,2026-08-21,赵乐际同萨尔瓦多立法大会主席卡斯特罗举行会谈,Zhao Leji holds talks with El Salvador's Legislative Assembly President Castro,https://paper.people.com.cn/rmrb/pc/content/202608/21/content_30176295.html
Georgia,2026-08-21,“中国给了我向梦想持续进发的机遇”（我在中国创业）,"""China has given me the opportunity to keep pursuing my dreams"" (Starting a Business in China)",https://paper.people.com.cn/rmrb/pc/content/202608/21/content_30176308.html
Colombia,2026-08-21,“与中国的联系，是贯穿我人生的故事”（“杰出外交使者奖章”获得者说）,"""The connection with China is a story that runs through my life"" (recipient of the 'Outstanding Diplomatic Envoy Medal' says)",https://paper.people.com.cn/rmrb/pc/content/202608/21/content_30176313.html
Chile,2026-08-21,刘海星会见智利外长佩雷斯,Liu Haixing meets with Chilean Foreign Minister Pérez,https://paper.people.com.cn/rmrb/pc/content/202608/21/content_30176315.html
Ecuador,2026-08-21,中国已成为厄瓜多尔第二大贸易伙伴,China has become Ecuador's second-largest trading partner,https://paper.people.com.cn/rmrb/pc/content/202608/21/content_30176316.html
Kenya,2026-08-21,静美迪亚尼（域外见闻）,Serene and Beautiful Diani (Overseas Impressions),https://paper.people.com.cn/rmrb/pc/content/202608/21/content_30176366.html
Ecuador,2026-08-20,李强赵乐际分别会见厄瓜多尔总统诺沃亚,Li Qiang and Zhao Leji separately meet with Ecuadorian President Noboa,https://paper.people.com.cn/rmrb/pc/content/202608/20/content_30176066.html
Timor-Leste,2026-08-20,东帝汶总统奥尔塔会见董军,President Horta of Timor-Leste meets with Dong Jun,https://paper.people.com.cn/rmrb/pc/content/202608/20/content_30176083.html
Colombia,2026-08-20,中国政府援助哥伦比亚紧急人道主义地震救灾物资运抵,China's emergency humanitarian earthquake relief supplies arrive in Colombia,https://paper.people.com.cn/rmrb/pc/content/202608/20/content_30176087.html
Papua New Guinea,2026-08-20,我国与10个APEC经济体实现AEO互认,China achieves AEO mutual recognition with 10 APEC economies,https://paper.people.com.cn/rmrb/pc/content/202608/20/content_30176012.html
Nauru,2026-08-19,“碳尽其用”有深意（新知）,'Making the most of carbon' has deep significance (New Knowledge),https://paper.people.com.cn/rmrb/pc/content/202608/19/content_30175789.html
Azerbaijan,2026-08-18,阿塞拜疆语版节目《习近平的文化情缘》启播活动在巴库举行,"Launch event for Azerbaijani-language version of program ""Xi Jinping's Cultural Connections"" held in Baku",https://paper.people.com.cn/rmrb/pc/content/202608/18/content_30175563.html
Azerbaijan,2026-08-18,阿塞拜疆语版节目《习近平的文化情缘》启播活动在巴库举行,"Launch event for Azerbaijani-language version of program ""Xi Jinping's Cultural Connections"" held in Baku",https://paper.people.com.cn/rmrb/pc/content/202608/18/content_30175571.html
Armenia,2026-08-18,中国队包揽冠亚军,Chinese team sweeps the top two places,https://paper.people.com.cn/rmrb/pc/content/202608/18/content_30175531.html
Tunisia,2026-08-17,弥合鸿沟  推动人工智能普惠包容发展（总书记的关切·落地的回响）,"Bridging the Gap, Promoting Inclusive and Accessible AI Development (General Secretary's Concerns: Echoes on the Ground)",https://paper.people.com.cn/rmrb/pc/content/202608/17/content_30175268.html
Angola,2026-08-17,“国家发展的关键基础设施”,'Key infrastructure for national development',https://paper.people.com.cn/rmrb/pc/content/202608/17/content_30175342.html
Austria,2026-08-17,2026“中国戏演出季”在奥地利启幕,2026 'Chinese Opera Season' opens in Austria,https://paper.people.com.cn/rmrb/pc/content/202608/17/content_30175343.html
Tunisia,2026-08-17,弥合鸿沟  推动人工智能普惠包容发展（总书记的关切·落地的回响）,"Bridging the Gap, Promoting Inclusive and Accessible AI Development (General Secretary's Concerns: Echoes on the Ground)",https://paper.people.com.cn/rmrb/pc/content/202608/17/content_30175299.html
Qatar,2026-08-17,美媒：海湾盟友对美沮丧情绪持续上升,US media: Gulf allies' frustration with the US continues to rise,https://paper.people.com.cn/rmrb/pc/content/202608/17/content_30175238.html
Morocco,2026-08-17,摩洛哥拦截294名企图非法越境人员,Morocco intercepts 294 people attempting illegal border crossing,https://paper.people.com.cn/rmrb/pc/content/202608/17/content_30175239.html
Sudan,2026-08-17,交流互鉴，助力中非携手迈向现代化（“留学中国”故事）,Exchanges and Mutual Learning Help China and Africa Jointly Advance Toward Modernization ('Studying in China' Story),https://paper.people.com.cn/rmrb/pc/content/202608/17/content_30175248.html
Ghana,2026-08-17,交流互鉴，助力中非携手迈向现代化（“留学中国”故事）,Exchanges and Mutual Learning Help China and Africa Jointly Advance Toward Modernization ('Studying in China' Story),https://paper.people.com.cn/rmrb/pc/content/202608/17/content_30175248.html
Netherlands,2026-08-16,中欧北极快航常态化,China-Europe Arctic express shipping becomes regular,https://paper.people.com.cn/rmrb/pc/content/202608/16/content_30175100.html
Poland,2026-08-16,中欧北极快航常态化,China-Europe Arctic express shipping becomes regular,https://paper.people.com.cn/rmrb/pc/content/202608/16/content_30175100.html
Angola,2026-08-16,中国品牌汽车走进非洲千家万户,Chinese-brand cars enter thousands of African households,https://paper.people.com.cn/rmrb/pc/content/202608/16/content_30175130.html
El Salvador,2026-08-16,萨尔瓦多立法大会主席将访华,President of El Salvador's Legislative Assembly to visit China,https://paper.people.com.cn/rmrb/pc/content/202608/16/content_30175137.html
New Zealand,2026-08-15,跨越万里的生态守护,Ecological guardianship across thousands of miles,https://paper.people.com.cn/rmrb/pc/content/202608/15/content_30175038.html
Sri Lanka,2026-08-14,从思想指引到法治护航（人民观点）,From Ideological Guidance to Legal Safeguards (People's Viewpoint),https://paper.people.com.cn/rmrb/pc/content/202608/14/content_30174906.html
Yemen,2026-08-13,环球扫描,Global Scan,https://paper.people.com.cn/rmrb/pc/content/202608/13/content_30174708.html
Dominican Republic,2026-06-12,“人民幸福生活是最大的人权”,'People's Happy Life Is the Greatest Human Right',https://paper.people.com.cn/rmrb/pc/content/202606/12/content_30162651.html
Namibia,2026-06-12,“人民幸福生活是最大的人权”,'People's Happy Life Is the Greatest Human Right',https://paper.people.com.cn/rmrb/pc/content/202606/12/content_30162651.html
Bahrain,2026-06-11,环球扫描,Global Scan,https://paper.people.com.cn/rmrb/pc/content/202606/11/content_30162389.html
Cape Verde,2026-06-11,世界杯不只是足球,The World Cup Is Not Just Football,https://paper.people.com.cn/rmrb/pc/content/202606/11/content_30162376.html
Argentina,2026-06-11,迎接足球的盛夏（美加墨世界杯·特别报道）,Welcoming the Summer of Football (US-Canada-Mexico World Cup Special Report),https://paper.people.com.cn/rmrb/pc/content/202606/11/content_30162375.html
Uruguay,2026-06-10,南博拾光,Nanjing Museum: Gathering Light,https://paper.people.com.cn/rmrb/pc/content/202606/10/content_30162202.html
Turkey,2026-06-10,光伏企业寻找新的增长点,Photovoltaic companies seek new growth points,https://paper.people.com.cn/rmrb/pc/content/202606/10/content_30162282.html
Bulgaria,2026-06-10,谌贻琴访问保加利亚,Chen Yiqin visits Bulgaria,https://paper.people.com.cn/rmrb/pc/content/202606/10/content_30162247.html
Georgia,2026-06-10,习近平同格鲁吉亚总统卡韦拉什维利就中格建交34周年互致贺电并共同宣布将双边关系提升为全面战略伙伴关系,"Xi and Georgian President exchange congratulations on 34th anniversary of ties, announce comprehensive strategic partnership",https://paper.people.com.cn/rmrb/pc/content/202606/10/content_30162239.html
Belarus,2026-06-09,韩正访问白俄罗斯,Han Zheng Visits Belarus,https://paper.people.com.cn/rmrb/pc/content/202606/09/content_30162028.html
Madagascar,2026-06-08,拓展蓝色伙伴关系  深入参与海洋治理（国际观澜）,"Expand blue partnerships, deepen participation in ocean governance (International Outlook)",https://paper.people.com.cn/rmrb/pc/content/202606/08/content_30161665.html
Belarus,2026-06-08,中国—白俄罗斯产业与投资合作论坛在明斯克举办,China-Belarus industrial and investment cooperation forum held in Minsk,https://paper.people.com.cn/rmrb/pc/content/202606/08/content_30161660.html
Seychelles,2026-06-07,加强文明交流互鉴  赓续中非传统友好,"Enhance exchanges and mutual learning among civilizations, carry forward China-Africa traditional friendship",https://paper.people.com.cn/rmrb/pc/content/202606/07/content_30161489.html
Mauritius,2026-06-07,加强文明交流互鉴  赓续中非传统友好,"Enhance exchanges and mutual learning among civilizations, carry forward China-Africa traditional friendship",https://paper.people.com.cn/rmrb/pc/content/202606/07/content_30161489.html
Côte d’Ivoire,2026-06-05,把未来交给青年（阅见世界）,Leave the future to the youth (Reading the World),https://paper.people.com.cn/rmrb/pc/content/202606/05/content_30161121.html
Djibouti,2026-06-05,把未来交给青年（阅见世界）,Leave the future to the youth (Reading the World),https://paper.people.com.cn/rmrb/pc/content/202606/05/content_30161121.html
Côte d’Ivoire,2026-06-04,科特迪瓦如何发展可可产业（第一现场）,How Côte d'Ivoire develops its cocoa industry (On the Scene),https://paper.people.com.cn/rmrb/pc/content/202606/04/content_30161033.html
Zimbabwe,2026-06-04,中国菌草技术助力津巴布韦农牧业发展,China's Juncao technology boosts agricultural and livestock development in Zimbabwe,https://paper.people.com.cn/rmrb/pc/content/202606/04/content_30160946.html
Norway,2026-06-03,环球扫描,Global Scan,https://paper.people.com.cn/rmrb/pc/content/202606/03/content_30160649.html
Ukraine,2026-06-03,第十一次中英战略对话在北京举行,11th China-UK Strategic Dialogue held in Beijing,https://paper.people.com.cn/rmrb/pc/content/202606/03/content_30160575.html
New Zealand,2026-06-02,“把真实的历史传递给下一代”,'Passing the True History to the Next Generation',https://paper.people.com.cn/rmrb/pc/content/202606/02/content_30160357.html
Serbia,2026-06-02,坚守遗产保护  共促城市发展,"Preserve heritage, promote urban development",https://paper.people.com.cn/rmrb/pc/content/202606/02/content_30160350.html
Sudan,2026-06-01,苏丹人道主义危机持续加剧,Sudan's humanitarian crisis continues to worsen,https://paper.people.com.cn/rmrb/pc/content/202606/01/content_30160120.html
Uganda,2026-06-01,环球扫描,Global Scan,https://paper.people.com.cn/rmrb/pc/content/202606/01/content_30160118.html
Albania,2026-05-30,王东明会见阿尔巴尼亚副议长斯巴修,Wang Dongming meets with Albanian Deputy Speaker Spahiu,https://paper.people.com.cn/rmrb/pc/content/202605/30/content_30159947.html
Mozambique,2026-05-29,从南非苹果进入中国餐桌说起（每周经济评论）,From South African apples on Chinese tables (Weekly Economic Review),https://paper.people.com.cn/rmrb/pc/content/202605/29/content_30159807.html
Benin,2026-05-29,从南非苹果进入中国餐桌说起（每周经济评论）,From South African apples on Chinese tables (Weekly Economic Review),https://paper.people.com.cn/rmrb/pc/content/202605/29/content_30159807.html
Namibia,2026-05-29,朱永新率全国政协代表团访问纳米比亚,Zhu Yongxin leads CPPCC National Committee delegation to visit Namibia,https://paper.people.com.cn/rmrb/pc/content/202605/29/content_30159845.html
Suriname,2026-05-29,共创中苏关系美好未来（大使随笔）,Jointly creating a bright future for China-Suriname relations (Ambassador's Journal),https://paper.people.com.cn/rmrb/pc/content/202605/29/content_30159840.html
Suriname,2026-05-29,习近平同苏里南总统西蒙斯就中苏建交50周年互致贺电,Xi and Surinamese president exchange congratulations on 50th anniversary of ties,https://paper.people.com.cn/rmrb/pc/content/202605/29/content_30159824.html
North Macedonia,2026-05-28,滑翔伞定点世界杯北马其顿分站赛中国队获团体冠军,China wins team championship at Paragliding Accuracy World Cup in North Macedonia,https://paper.people.com.cn/rmrb/pc/content/202605/28/content_30159533.html
Turkmenistan,2026-05-28,中国农机驶向海外市场（中国品牌圈粉海外）,Chinese agricultural machinery heads to overseas markets (Chinese brands gain fans abroad),https://paper.people.com.cn/rmrb/pc/content/202605/28/content_30159615.html
Venezuela,2026-05-27,在“哏儿都”用西语说相声（老外不见外）,Performing Xiangsheng in Spanish in Tianjin (Foreigners at Home),https://paper.people.com.cn/rmrb/pc/content/202605/27/content_30159418.html
Bosnia & Herzegovina,2026-05-27,谌贻琴出席第七次中国—中东欧国家地方领导人会议开幕式并致辞,Chen Yiqin attends opening ceremony of the 7th China-CEEC Local Leaders' Meeting and delivers a speech,https://paper.people.com.cn/rmrb/pc/content/202605/27/content_30159312.html
North Macedonia,2026-05-27,谌贻琴出席第七次中国—中东欧国家地方领导人会议开幕式并致辞,Chen Yiqin attends opening ceremony of the 7th China-CEEC Local Leaders' Meeting and delivers a speech,https://paper.people.com.cn/rmrb/pc/content/202605/27/content_30159312.html
Montenegro,2026-05-26,铁凝会见黑山议会副议长努尔科维奇,Tie Ning Meets Montenegrin Deputy Parliament Speaker Nurković,https://paper.people.com.cn/rmrb/pc/content/202605/26/content_30159159.html
Venezuela,2026-05-25,环球扫描,Global Scan,https://paper.people.com.cn/rmrb/pc/content/202605/25/content_30158881.html
Uganda,2026-05-25,刚果（金）埃博拉疫情持续扩散,Ebola outbreak continues to spread in DRC,https://paper.people.com.cn/rmrb/pc/content/202605/25/content_30158880.html
Slovenia,2026-05-25,“让更多人了解大自然的馈赠”（第一现场）,"""Let More People Know About Nature's Gifts"" (On the Scene)",https://paper.people.com.cn/rmrb/pc/content/202605/25/content_30158878.html
Tajikistan,2026-05-25,从访华热看中国的“合作力”（和音）,China's 'cooperation power' seen through visit fever (Harmony),https://paper.people.com.cn/rmrb/pc/content/202605/25/content_30158917.html
Albania,2026-05-23,李鸿忠率全国人大代表团访问阿尔巴尼亚,Li Hongzhong leads NPC delegation to visit Albania,https://paper.people.com.cn/rmrb/pc/content/202605/23/content_30158608.html
Moldova,2026-05-23,王毅同摩尔多瓦副总理兼外长波普绍伊会谈,Wang Yi holds talks with Moldovan Deputy Prime Minister and Foreign Minister Popșoi,https://paper.people.com.cn/rmrb/pc/content/202605/23/content_30158603.html
Croatia,2026-05-22,“为全球生物多样性治理提供示范”,'Providing a Model for Global Biodiversity Governance',https://paper.people.com.cn/rmrb/pc/content/202605/22/content_30158407.html
Slovakia,2026-05-22,李鸿忠率全国人大代表团访问斯洛伐克,Li Hongzhong leads NPC delegation to visit Slovakia,https://paper.people.com.cn/rmrb/pc/content/202605/22/content_30158406.html
Moldova,2026-05-21,摩尔多瓦副总理兼外长波普绍伊将访华,Moldova's Deputy Prime Minister and Foreign Minister Popșoi to visit China,https://paper.people.com.cn/rmrb/pc/content/202605/21/content_30158063.html
Turkmenistan,2026-05-20,中国—中亚公安内务部长会晤机制第二次会议举行 王小洪出席并作主旨发言,Second meeting of the China-Central Asia public security and internal affairs ministers' meeting mechanism held; Wang Xiaohong attends and delivers keynote speech,https://paper.people.com.cn/rmrb/pc/content/202605/20/content_30157809.html
Liberia,2026-05-20,王毅同利比里亚外长尼安蒂会谈,Wang Yi holds talks with Liberian Foreign Minister Nyanti,https://paper.people.com.cn/rmrb/pc/content/202605/20/content_30157807.html
Uruguay,2026-05-19,“持久的关系建立在相互了解、尊重和信任的基础上”（“杰出外交使者奖章”获得者说）,"'Enduring Relationships Are Built on Mutual Understanding, Respect, and Trust' (Says Recipient of the Distinguished Diplomatic Envoy Medal)",https://paper.people.com.cn/rmrb/pc/content/202605/19/content_30157768.html
Gambia,2026-05-19,在稻浪里，看到共同的未来（暖闻热评）,"In waves of rice, see a shared future (Heartwarming Commentary)",https://paper.people.com.cn/rmrb/pc/content/202605/19/content_30157698.html
Eritrea,2026-05-19,在稻浪里，看到共同的未来（暖闻热评）,"In waves of rice, see a shared future (Heartwarming Commentary)",https://paper.people.com.cn/rmrb/pc/content/202605/19/content_30157698.html
Guinea,2026-05-19,在稻浪里，看到共同的未来（暖闻热评）,"In waves of rice, see a shared future (Heartwarming Commentary)",https://paper.people.com.cn/rmrb/pc/content/202605/19/content_30157698.html
Seychelles,2026-05-19,王毅同塞舌尔外交部长富尔会谈,Wang Yi holds talks with Seychelles Foreign Minister Fuer,https://paper.people.com.cn/rmrb/pc/content/202605/19/content_30157684.html
Jamaica,2026-05-18,陈妤颉刷新女子200米个人最好成绩,Chen Yujie Sets New Personal Best in Women's 200m,https://paper.people.com.cn/rmrb/pc/content/202605/18/content_30157431.html
Equatorial Guinea,2026-05-17,中非经济社会理事会第五次圆桌会议关注非洲结构性转型,Fifth roundtable of the China-Africa Economic and Social Council focuses on Africa's structural transformation,https://paper.people.com.cn/rmrb/pc/content/202605/17/content_30157258.html
Liberia,2026-05-17,利比里亚外交部长尼安蒂将访华,Liberian Foreign Minister Nyanti to visit China,https://paper.people.com.cn/rmrb/pc/content/202605/17/content_30157253.html
Nauru,2026-05-14,环球扫描,Global Scan,https://paper.people.com.cn/rmrb/pc/content/202605/14/content_30156775.html
Estonia,2026-05-14,中国男子冰球队不断进阶（竞技观察）,Chinese men's ice hockey team keeps advancing (Sports observation),https://paper.people.com.cn/rmrb/pc/content/202605/14/content_30156769.html
Tonga,2026-05-13,李鸿忠会见汤加议会政府联合考察团,Li Hongzhong meets with Tonga's parliament and government joint inspection delegation,https://paper.people.com.cn/rmrb/pc/content/202605/13/content_30156513.html
Cameroon,2026-05-11,中国援喀麦隆医疗队开展义诊活动,Chinese medical aid team in Cameroon conducts free clinic,https://paper.people.com.cn/rmrb/pc/content/202605/11/content_30156020.html
Madagascar,2026-05-10,“中企帮我们培养更多纺织人才”（共创繁荣发展新时代）,'Chinese Companies Help Us Cultivate More Textile Talents' (Creating Prosperity and Development in the New Era),https://paper.people.com.cn/rmrb/pc/content/202605/10/content_30155821.html
Costa Rica,2026-05-10,习近平主席特使、国家国际发展合作署署长陈晓东出席哥斯达黎加总统权力交接仪式,"President Xi Jinping's special envoy, Chairman of the China International Development Cooperation Agency Chen Xiaodong, attends Costa Rica's presidential power transfer ceremony",https://paper.people.com.cn/rmrb/pc/content/202605/10/content_30155817.html
Tonga,2026-05-09,“人民至上——政党的使命和担当”中外政党专题对话举行,'People First—The Mission and Responsibility of Political Parties' Thematic Dialogue with Chinese and Foreign Political Parties Held,https://paper.people.com.cn/rmrb/pc/content/202605/09/content_30155691.html
Mozambique,2026-05-08,“向东看”见证中国感召力（人民时评）,'Looking East' Witnesses China's Appeal (People's Commentary),https://paper.people.com.cn/rmrb/pc/content/202605/08/content_30155603.html
Guyana,2026-05-07,拉美地区努力打造全球油气新增长极（国际视点）,Latin America strives to become new growth pole for global oil and gas (International Perspective),https://paper.people.com.cn/rmrb/pc/content/202605/07/content_30155273.html
Costa Rica,2026-05-07,习近平主席特使陈晓东将出席哥斯达黎加总统权力交接仪式,President Xi Jinping's special envoy Chen Xiaodong to attend Costa Rica's presidential power transfer ceremony,https://paper.people.com.cn/rmrb/pc/content/202605/07/content_30155314.html
Lebanon,2026-05-06,中国向黎巴嫩交付人道主义援助物资,China delivers humanitarian aid supplies to Lebanon,https://paper.people.com.cn/rmrb/pc/content/202605/06/content_30155029.html
Sierra Leone,2026-05-05,“为全球公共卫生应急管理贡献更多中国力量”（新时代中非合作）,'Contributing More Chinese Strength to Global Public Health Emergency Management' (China-Africa Cooperation in the New Era),https://paper.people.com.cn/rmrb/pc/content/202605/05/content_30154860.html
Eswatini,2026-05-03,国台办：玩弄伎俩、贻笑天下,Taiwan Affairs Office: Playing tricks will make you a laughingstock,https://paper.people.com.cn/rmrb/pc/content/202605/03/content_30154694.html
Eswatini,2026-05-03,外交部发言人就赖清德搭乘斯威士兰国王“私人飞机”窜斯答记者问,Foreign Ministry Spokesperson's remarks on Lai Ching-te's absconding to Eswatini on king's 'private jet',https://paper.people.com.cn/rmrb/pc/content/202605/03/content_30154692.html
Lebanon,2026-05-03,中国担任安理会5月轮值主席,China assumes presidency of the UN Security Council for May,https://paper.people.com.cn/rmrb/pc/content/202605/03/content_30154690.html
Syria,2026-05-03,中国担任安理会5月轮值主席,China assumes presidency of the UN Security Council for May,https://paper.people.com.cn/rmrb/pc/content/202605/03/content_30154690.html
Belgium,2026-05-02,何立峰会见比利时副首相兼外交大臣普雷沃,He Lifeng meets with Belgian Deputy Prime Minister and Foreign Minister Prévot,https://paper.people.com.cn/rmrb/pc/content/202605/02/content_30154657.html
Guinea-Bissau,2026-05-02,零关税政策为非洲发展打开机遇之窗（国际论坛）,Zero-Tariff Policy Opens Window of Opportunity for Africa's Development (International Forum),https://paper.people.com.cn/rmrb/pc/content/202605/02/content_30154654.html
Cameroon,2026-04-29,逐“绿”而行，为全球能源转型注入强劲动力（和音）,"Chasing 'Green', Powering the Global Energy Transition (Harmony)",https://paper.people.com.cn/rmrb/pc/content/202604/29/content_30153805.html
Croatia,2026-04-28,中国机器人：服务世界，服务于人（环球走笔）,"Chinese robots: Serving the world, serving people (Global notes)",https://paper.people.com.cn/rmrb/pc/content/202604/28/content_30153700.html
Mali,2026-04-27,环球扫描,Global Scan,https://paper.people.com.cn/rmrb/pc/content/202604/27/content_30153334.html
Rwanda,2026-04-27,移动支付为非洲经济添活力（国际视点）,Mobile payments invigorate African economy (International Perspective),https://paper.people.com.cn/rmrb/pc/content/202604/27/content_30153330.html
Sierra Leone,2026-04-27,中国援塞拉利昂医疗队开展“世界防治疟疾日”义诊活动,Chinese medical aid team in Sierra Leone conducts free clinic on World Malaria Day,https://paper.people.com.cn/rmrb/pc/content/202604/27/content_30153357.html
Guinea,2026-04-27,“奔向美好生活的新通道”,'A New Passage Towards a Better Life',https://paper.people.com.cn/rmrb/pc/content/202604/27/content_30153356.html
Cyprus,2026-04-26,“打开一扇通往中华文明的大门”,'Opening a Door to Chinese Civilization',https://paper.people.com.cn/rmrb/pc/content/202604/26/content_30153132.html
Cape Verde,2026-04-26,习近平同佛得角总统内韦斯就中佛建交50周年互致贺电,Xi Jinping and Cape Verdean President Neves exchange congratulatory messages on 50th anniversary of diplomatic relations,https://paper.people.com.cn/rmrb/pc/content/202604/26/content_30153117.html
Luxembourg,2026-04-25,一季度新设外商投资企业数同比增长11%,Number of Newly Established Foreign-Invested Enterprises in Q1 Increased by 11% Year-on-Year,https://paper.people.com.cn/rmrb/pc/content/202604/25/content_30153006.html
Guyana,2026-04-22,共建人与自然和谐共生的美好世界（央企走出去·绿色发展）,Building a beautiful world of harmonious coexistence between man and nature (Chinese SOEs Going Global: Green Development),https://paper.people.com.cn/rmrb/pc/content/202604/22/content_30152625.html
Afghanistan,2026-04-21,阿富汗人道主义危机不断加剧,Humanitarian Crisis in Afghanistan Continues to Worsen,https://paper.people.com.cn/rmrb/pc/content/202604/21/content_30152368.html
San Marino,2026-04-19,中国人民对外友好协会会长杨万明率团访问意大利和圣马力诺,President of the Chinese People's Association for Friendship with Foreign Countries Yang Wanming leads delegation to Italy and San Marino,https://paper.people.com.cn/rmrb/pc/content/202604/19/content_30151876.html
Congo - Brazzaville,2026-04-19,习近平主席特使、全国政协副主席邵鸿出席刚果（布）总统就职典礼,"President Xi Jinping's special envoy, Vice Chairman of the CPPCC National Committee Shao Hong, attends Republic of Congo's presidential inauguration",https://paper.people.com.cn/rmrb/pc/content/202604/19/content_30151871.html
Latvia,2026-04-17,驻华使节实地探访雄安新区创新实践,Foreign Envoys Visit Xiong'an to Explore Innovative Practices,https://paper.people.com.cn/rmrb/pc/content/202604/17/content_30151552.html
Romania,2026-04-16,张帅组合获林茨站双打冠军,Zhang Shuai pair wins Linz doubles title,https://paper.people.com.cn/rmrb/pc/content/202604/16/content_30151498.html
Romania,2026-04-16,从“一朵花”到“一条链”,From a single flower to an entire chain,https://paper.people.com.cn/rmrb/pc/content/202604/16/content_30151395.html
Algeria,2026-04-15,中国和非洲阿拉伯国家学术研讨会聚焦文明互鉴,China-Africa Arab states academic seminar focuses on mutual learning among civilizations,https://paper.people.com.cn/rmrb/pc/content/202604/15/content_30151233.html
Congo - Brazzaville,2026-04-15,习近平主席特使邵鸿将出席刚果（布）总统就职典礼,President Xi Jinping's special envoy Shao Hong to attend Republic of Congo's presidential inauguration,https://paper.people.com.cn/rmrb/pc/content/202604/15/content_30151227.html
Dominica,2026-04-14,加勒比多国加快构建气候韧性体系,Caribbean countries accelerate building climate resilient systems,https://paper.people.com.cn/rmrb/pc/content/202604/14/content_30151016.html
Jamaica,2026-04-14,加勒比多国加快构建气候韧性体系,Caribbean countries accelerate building climate resilient systems,https://paper.people.com.cn/rmrb/pc/content/202604/14/content_30151016.html
Algeria,2026-04-14,小小农产品，带强富民大产业（国际视点）,Small agricultural products drive strong industries that enrich people (International Perspective),https://paper.people.com.cn/rmrb/pc/content/202604/14/content_30151013.html
Malawi,2026-04-12,中国援建马拉维机场公路升级改造项目移交,China-aided Malawi airport road upgrade project handed over,https://paper.people.com.cn/rmrb/pc/content/202604/12/content_30150524.html
Rwanda,2026-04-12,中国医疗队向卢旺达医院捐赠医疗设备,Chinese medical team donates medical equipment to Rwandan hospital,https://paper.people.com.cn/rmrb/pc/content/202604/12/content_30150523.html
Afghanistan,2026-04-09,中阿巴三方代表在乌鲁木齐举行非正式会晤,China-Afghanistan-Pakistan trilateral representatives hold informal meeting in Urumqi,https://paper.people.com.cn/rmrb/pc/content/202604/09/content_30149993.html
Gabon,2026-04-08,全国人大常委会副委员长武维华率团访问加蓬,NPC Vice Chairman Wu Weihua leads delegation to visit Gabon,https://paper.people.com.cn/rmrb/pc/content/202604/08/content_30149783.html
Panama,2026-04-07,我驻外使馆和华侨华人等举行清明祭扫活动,Chinese embassies and overseas Chinese hold Qingming memorial events,https://paper.people.com.cn/rmrb/pc/content/202604/07/content_30149443.html
Mali,2026-04-07,跨越山海，中医药造福非洲民众（新时代中非合作）,Across Mountains and Seas: TCM Benefits Africans (China-Africa Cooperation in the New Era),https://paper.people.com.cn/rmrb/pc/content/202604/07/content_30149440.html
South Sudan,2026-04-06,我驻外使馆、维和部队和华侨华人等举行清明祭扫活动,"Chinese embassies, peacekeeping troops, and overseas Chinese hold Qingming memorial events",https://paper.people.com.cn/rmrb/pc/content/202604/06/content_30149346.html
South Sudan,2026-04-05,蓝盔映丹心  忠魂护和平,"Blue helmets, loyal hearts – safeguarding peace with devotion",https://paper.people.com.cn/rmrb/pc/content/202604/05/content_30149302.html
Bahrain,2026-04-03,王毅同海合会轮值主席、巴林外交大臣扎耶尼通电话,Wang Yi speaks by phone with GCC rotating presidency and Bahraini Foreign Minister Zayani,https://paper.people.com.cn/rmrb/pc/content/202604/03/content_30148991.html
Maldives,2026-04-02,中企承建马尔代夫保障房项目开工,Chinese-Built Affordable Housing Project in Maldives Breaks Ground,https://paper.people.com.cn/rmrb/pc/content/202604/02/content_30148801.html
China,2026-03-31,习近平致电祝贺萨苏当选连任刚果（布）总统,Xi congratulates Sassou on re-election as Congo president,https://paper.people.com.cn/rmrb/pc/content/202603/31/content_30148271.html
Malawi,2026-03-25,把合作论文写在非洲大地上（编辑手记）,Writing cooperation papers on African soil (Editor's Note),https://paper.people.com.cn/rmrb/pc/content/202603/25/content_30147075.html
Greenland,2026-03-23,走进格陵兰岛，倾听当地人心声（第一现场）,Into Greenland: Hearing Local Voices (On the Scene),https://paper.people.com.cn/rmrb/pc/content/202603/23/content_30146578.html
Panama,2026-03-23,科技助通关  展会搭桥梁,"Tech-assisted customs clearance, exhibitions build bridges",https://paper.people.com.cn/rmrb/pc/content/202603/23/content_30146665.html
Fiji,2026-03-20,忘记年龄，事业总年轻（中国道路中国梦·每一个人都是主角）,"Forget age, career stays young (China's Path, Chinese Dream · Everyone is a Protagonist)",https://paper.people.com.cn/rmrb/pc/content/202603/20/content_30146267.html
Gambia,2026-03-18,情谊越山海  携手向未来（大使随笔）,"Friendship crosses mountains and seas, join hands toward the future (Ambassador's Essay)",https://paper.people.com.cn/rmrb/pc/content/202603/18/content_30145810.html
Burundi,2026-03-18,国家主席习近平任免驻外大使,President Xi Jinping appoints and removes ambassadors,https://paper.people.com.cn/rmrb/pc/content/202603/18/content_30145793.html
Libya,2026-03-18,国家主席习近平任免驻外大使,President Xi Jinping appoints and removes ambassadors,https://paper.people.com.cn/rmrb/pc/content/202603/18/content_30145793.html
Nicaragua,2026-03-14,第九届进博会暨虹桥论坛咨商座谈会在瑞士举办,9th CIIE and Hongqiao Forum consultation symposium held in Switzerland,https://paper.people.com.cn/rmrb/pc/content/202603/14/content_30145225.html
Botswana,2026-03-13,非洲加快推动数字化转型,Africa Accelerates Digital Transformation,https://paper.people.com.cn/rmrb/pc/content/202603/13/content_30145132.html
Latvia,2026-03-13,与冰壶“对话”，梦想终成真,"""Dialogue"" with Curling, Dreams Finally Come True",https://paper.people.com.cn/rmrb/pc/content/202603/13/content_30145129.html
Maldives,2026-03-13,中联部举办“周边青年看中共”交流会,CPC International Department holds exchange on 'Youth from neighboring countries view the CPC',https://paper.people.com.cn/rmrb/pc/content/202603/13/content_30145085.html
Ireland,2026-02-15,风云激荡展担当,Demonstrating Responsibility in Turbulent Times,https://paper.people.com.cn/rmrb/pc/content/202602/15/content_30141019.html
Greenland,2026-02-12,环球扫描,Global Scan,https://paper.people.com.cn/rmrb/pc/content/202602/12/content_30140528.html
Guinea-Bissau,2026-02-05,中国之行，与可持续发展未来的深刻对话（外媒记者看中国）,Trip to China: A profound dialogue on a sustainable future (Foreign media journalists view China),https://paper.people.com.cn/rmrb/pc/content/202602/05/content_30138606.html
Somalia,2026-02-02,中企承建埃塞俄比亚风电项目投产,Chinese-Built Wind Power Project in Ethiopia Goes into Operation,https://paper.people.com.cn/rmrb/pc/content/202602/02/content_30137438.html
Eritrea,2026-02-02,“中国以实际行动维护世界和平”,'China Safeguards World Peace with Concrete Actions',https://paper.people.com.cn/rmrb/pc/content/202602/02/content_30137437.html
São Tomé & Príncipe,2026-01-30,小装置带来大变化（记者手记）,Small device brings big changes (Reporter's Note),https://paper.people.com.cn/rmrb/pc/content/202601/30/content_30136937.html
São Tomé & Príncipe,2026-01-30,太阳能点亮海岛村落（第一现场）,Solar energy lights up island village (On the Spot),https://paper.people.com.cn/rmrb/pc/content/202601/30/content_30136936.html
Trinidad & Tobago,2026-01-25,人生轨迹因共建“一带一路”而改变,Life trajectories changed by Belt and Road,https://paper.people.com.cn/rmrb/pc/content/202601/25/content_30135478.html
Central African Republic,2026-01-21,习近平致电祝贺图瓦德拉当选连任中非共和国总统,Xi congratulates Touadera on re-election as CAR president,https://paper.people.com.cn/rmrb/pc/content/202601/21/content_30134360.html
Burkina Faso,2026-01-17,中国助力布基纳法索实现粮食自给自足,China helps Burkina Faso achieve food self-sufficiency,https://paper.people.com.cn/rmrb/pc/content/202601/17/content_30133275.html
Trinidad & Tobago,2026-01-16,“中国的发展始终坚持以人为本”,'China's Development Always Puts People First',https://paper.people.com.cn/rmrb/pc/content/202601/16/content_30133161.html
Nicaragua,2026-01-14,“中国行动对促进世界和平发展具有重要意义”,'China's Actions Are of Great Significance to Promoting World Peace and Development',https://paper.people.com.cn/rmrb/pc/content/202601/14/content_30132185.html
Antigua & Barbuda,2026-01-13,国家主席习近平任免驻外大使,President Xi Jinping appoints and removes ambassadors,https://paper.people.com.cn/rmrb/pc/content/202601/13/content_30131880.html
Lesotho,2026-01-12,中华人民共和国政府和莱索托王国政府联合新闻公报,Joint press communiqué between the Government of the People's Republic of China and the Government of the Kingdom of Lesotho,https://paper.people.com.cn/rmrb/pc/content/202601/12/content_30131236.html
Lesotho,2026-01-12,莱索托首相马特凯恩会见王毅,Lesotho Prime Minister Matekane meets with Wang Yi,https://paper.people.com.cn/rmrb/pc/content/202601/12/content_30131235.html
Faroe Islands,2026-01-09,走进法罗群岛,Into the Faroe Islands,https://paper.people.com.cn/rmrb/pc/content/202601/09/content_30130862.html
Honduras,2026-01-08,农业学校将从“能种地”变为“能加工、能创新”,Agricultural schools to transform from 'able to farm' to 'able to process and innovate',https://paper.people.com.cn/rmrb/pc/content/202601/08/content_30130446.html
Botswana,2026-01-03,中国助力非洲数字化转型（新时代中非合作）,China boosts Africa's digital transformation (China-Africa cooperation in the new era),https://paper.people.com.cn/rmrb/pc/content/202601/03/content_30128998.html
Fiji,2025-12-31,“全球好感度”提升，中国发展的必然回响（人民论坛）,"'Global Favorability' on the Rise, an Inevitable Echo of China's Development (People's Forum)",https://paper.people.com.cn/rmrb/pc/content/202512/31/content_30128247.html
Barbados,2025-12-29,中国海军“丝路方舟”号医院船结束访问巴巴多斯,Chinese navy hospital ship 'Silk Road Ark' concludes visit to Barbados,https://paper.people.com.cn/rmrb/pc/content/202512/29/content_30127616.html
Barbados,2025-12-22,中国海军“丝路方舟”号医院船抵达巴巴多斯开展医疗服务,Chinese navy hospital ship 'Silk Road Ark' arrives in Barbados to provide medical services,https://paper.people.com.cn/rmrb/pc/content/202512/22/content_30126165.html
Marshall Islands,2025-12-15,外国巨轮为何因中国法治更名（人民时评）,Why foreign giant ships were renamed due to China's rule of law (People's Review),https://paper.people.com.cn/rmrb/pc/content/202512/15/content_30120394.html
Dominica,2025-12-11,《中国对拉丁美洲和加勒比政策文件》发布,"Release of ""China's Policy Paper on Latin America and the Caribbean""",https://paper.people.com.cn/rmrb/pc/content/202512/11/content_30119689.html
Cyprus,2025-12-08,全球文明倡议彰显历史底蕴和智慧（国际论坛）,Global Civilization Initiative demonstrates historical depth and wisdom (International Forum),https://paper.people.com.cn/rmrb/pc/content/202512/08/content_30118956.html
Malta,2025-12-06,信长星率中共代表团赴英国、马耳他宣介中共二十届四中全会精神,"Xin Changxing leads CPC delegation to UK, Malta to introduce spirit of 20th CPC Central Committee's 4th plenary session",https://paper.people.com.cn/rmrb/pc/content/202512/06/content_30118728.html
Chad,2025-12-04,西非和萨赫勒地区国家加强应对安全挑战（国际视点）,West African and Sahel countries strengthen response to security challenges (International Perspective),https://paper.people.com.cn/rmrb/pc/content/202512/04/content_30118242.html
Niger,2025-12-04,西非和萨赫勒地区国家加强应对安全挑战（国际视点）,West African and Sahel countries strengthen response to security challenges (International Perspective),https://paper.people.com.cn/rmrb/pc/content/202512/04/content_30118242.html
Niger,2025-12-03,零关税，让更多非洲产品丰富中国市场（经济聚焦）,Zero Tariffs Bring More African Products to Chinese Market (Economic Focus),https://paper.people.com.cn/rmrb/pc/content/202512/03/content_30118084.html
Chad,2025-12-02,苏丹人道主义危机加剧,Sudan's humanitarian crisis intensifies,https://paper.people.com.cn/rmrb/pc/content/202512/02/content_30117902.html
